image_id,healthy,multiple_diseases,rust,scab
Test_0,0.05016368,0.123715736,0.80110466,0.02501596
Test_1,0.055467673,0.061301477,0.85898113,0.024249708
Test_2,0.04534386,0.029633343,0.014647421,0.9103754
Test_3,0.94021684,0.014781172,0.029630512,0.015371522
Test_4,0.033961583,0.058463324,0.8821497,0.025425384
Test_5,0.851153,0.05921358,0.036502607,0.053130817
Test_6,0.2423043,0.0401527,0.698724,0.018819002
Test_7,0.12597519,0.21287484,0.051087797,0.6100622
Test_8,0.026083302,0.24611577,0.030345311,0.6974556
Test_9,0.034926794,0.10300007,0.83729756,0.024775604
Test_10,0.07943941,0.10808098,0.7924949,0.019984651
Test_11,0.92078555,0.022144467,0.024790963,0.032279085
Test_12,0.1919423,0.05126669,0.019940535,0.73685056
Test_13,0.9386468,0.016034668,0.029647667,0.015670896
Test_14,0.021175962,0.045262672,0.9103403,0.023221053
Test_15,0.04888333,0.07586847,0.8474808,0.027767431
Test_16,0.9242133,0.021858137,0.028955817,0.024972742
Test_17,0.07974928,0.28759483,0.06822557,0.56443036
Test_18,0.23115297,0.100356005,0.027341794,0.6411492
Test_19,0.017727703,0.042940937,0.915353,0.023978353
Test_20,0.039485686,0.033311673,0.015249993,0.9119526
Test_21,0.93203413,0.017861966,0.026449686,0.02365423
Test_22,0.024284665,0.10823071,0.83510435,0.032380193
Test_23,0.08312579,0.052964978,0.020951487,0.8429577
Test_24,0.9200634,0.023479408,0.025550494,0.030906688
Test_25,0.19201158,0.023454208,0.015179733,0.76935446
Test_26,0.06792861,0.051614173,0.019215072,0.8612421
Test_27,0.039744783,0.15454404,0.77955836,0.026152853
Test_28,0.930789,0.018379701,0.033993192,0.01683811
Test_29,0.061723392,0.4150607,0.45150796,0.071707934
Test_30,0.91662294,0.023855586,0.026732277,0.032789208
Test_31,0.028012773,0.2735829,0.655415,0.04298935
Test_32,0.4764444,0.20813315,0.04664718,0.26877525
Test_33,0.048571702,0.035324987,0.016324775,0.89977854
Test_34,0.1660628,0.055814333,0.021603838,0.756519
Test_35,0.06280498,0.0535488,0.01896545,0.86468077
Test_36,0.055131316,0.10982976,0.8075844,0.027454609
Test_37,0.17017701,0.039618485,0.01946637,0.7707381
Test_38,0.03814291,0.04093442,0.018716726,0.90220594
Test_39,0.027652573,0.07403983,0.8724747,0.025832897
Test_40,0.036008216,0.050618935,0.8896572,0.02371561
Test_41,0.03306444,0.16449627,0.77452886,0.027910465
Test_42,0.03638027,0.06163461,0.02107025,0.88091487
Test_43,0.10645773,0.06515876,0.80797327,0.020410214
Test_44,0.11419865,0.40245637,0.042703845,0.44064116
Test_45,0.044011887,0.08562564,0.023334842,0.84702766
Test_46,0.2042712,0.061101217,0.028014481,0.7066131
Test_47,0.03889671,0.0753013,0.85326433,0.032537647
Test_48,0.03847132,0.07314752,0.85131085,0.037070416
Test_49,0.033937342,0.03503085,0.9150562,0.015975555
Test_50,0.021072544,0.078505196,0.87153494,0.028887361
Test_51,0.024641592,0.15208666,0.7919135,0.03135822
Test_52,0.025056336,0.12437391,0.8181583,0.032411367
Test_53,0.033739258,0.04439841,0.893923,0.027939301
Test_54,0.15003149,0.39628714,0.05550942,0.39817193
Test_55,0.04521842,0.040490575,0.018254498,0.8960365
Test_56,0.15905389,0.03448462,0.017646048,0.78881544
Test_57,0.6059127,0.229145,0.11007676,0.05486551
Test_58,0.10239966,0.038976047,0.020364871,0.8382594
Test_59,0.051259257,0.4930982,0.073122494,0.38252002
Test_60,0.038207293,0.05445122,0.020340532,0.8870009
Test_61,0.89810705,0.02971459,0.04012475,0.032053582
Test_62,0.13360517,0.059189834,0.022710133,0.7844949
Test_63,0.09453128,0.05955522,0.02407274,0.82184076
Test_64,0.20061466,0.027007496,0.014227843,0.75815
Test_65,0.043932896,0.40934062,0.4721412,0.07458522
Test_66,0.88393146,0.029493216,0.028717602,0.057857774
Test_67,0.11546818,0.2591093,0.5776333,0.047789212
Test_68,0.06728407,0.17369948,0.039407082,0.7196094
Test_69,0.0704307,0.06543796,0.84230745,0.021823864
Test_70,0.24057913,0.113083266,0.032778554,0.6135591
Test_71,0.22009787,0.09318556,0.6658173,0.020899232
Test_72,0.03678385,0.03337644,0.014233559,0.91560614
Test_73,0.93580514,0.016199544,0.031762403,0.016232938
Test_74,0.89056873,0.030974457,0.033785753,0.04467095
Test_75,0.20950039,0.04136118,0.019264307,0.72987413
Test_76,0.9354254,0.0172798,0.026419695,0.020875216
Test_77,0.06586382,0.050526988,0.8627237,0.020885414
Test_78,0.039026275,0.04308646,0.018916551,0.8989707
Test_79,0.24229681,0.04202468,0.019947078,0.69573146
Test_80,0.031801585,0.21823213,0.037044276,0.71292204
Test_81,0.040786915,0.25613165,0.67241013,0.030671325
Test_82,0.084283516,0.31191415,0.22121862,0.38258368
Test_83,0.018836249,0.662608,0.15750149,0.16105413
Test_84,0.1965965,0.029300382,0.014879209,0.75922394
Test_85,0.60802466,0.054061085,0.031933557,0.30598065
Test_86,0.065979116,0.35597807,0.5137483,0.064294554
Test_87,0.15596756,0.48502046,0.060496587,0.29851538
Test_88,0.028231084,0.058089115,0.021566868,0.8921129
Test_89,0.22462139,0.070305824,0.031381812,0.673691
Test_90,0.043032862,0.10920806,0.8184012,0.02935784
Test_91,0.94175273,0.01577418,0.026640663,0.015832439
Test_92,0.9324466,0.018806968,0.02564608,0.023100395
Test_93,0.023964344,0.0664206,0.8853291,0.024285901
Test_94,0.03786357,0.03548772,0.016306644,0.91034204
Test_95,0.9346817,0.017664406,0.029732507,0.017921392
Test_96,0.17537001,0.027516212,0.016191801,0.78092206
Test_97,0.9077851,0.030210963,0.031872276,0.03013165
Test_98,0.02984761,0.118721485,0.030330827,0.82110006
Test_99,0.09858078,0.047628712,0.020619351,0.83317107
Test_100,0.033648673,0.04329452,0.018962836,0.9040939
Test_101,0.39092585,0.055899065,0.032283247,0.5208918
Test_102,0.19618352,0.038312536,0.018120684,0.74738324
Test_103,0.84016055,0.03917981,0.037692904,0.082966685
Test_104,0.07158926,0.21285847,0.074612305,0.64094
Test_105,0.19228007,0.14624177,0.051980965,0.6094972
Test_106,0.9270171,0.019429225,0.03534105,0.018212602
Test_107,0.061488677,0.6161774,0.20263991,0.11969401
Test_108,0.0360759,0.06744542,0.021238491,0.87524015
Test_109,0.5262702,0.20813815,0.12509939,0.1404922
Test_110,0.922846,0.019448593,0.03250978,0.02519552
Test_111,0.6772849,0.043556176,0.028638009,0.25052094
Test_112,0.028891703,0.33858997,0.5893533,0.04316502
Test_113,0.18669626,0.1069635,0.027706806,0.6786334
Test_114,0.027184423,0.09452827,0.027985942,0.8503014
Test_115,0.031226665,0.061044216,0.88487023,0.022858882
Test_116,0.2716161,0.3168444,0.35348216,0.058057357
Test_117,0.024061926,0.10083135,0.8426927,0.032414075
Test_118,0.11325799,0.2616057,0.5933997,0.03173656
Test_119,0.93294513,0.018752221,0.02964515,0.01865744
Test_120,0.03769175,0.067205615,0.8726853,0.022417316
Test_121,0.07963039,0.33465752,0.4030966,0.18261552
Test_122,0.025741002,0.59816104,0.32915968,0.04693824
Test_123,0.016563496,0.07466508,0.87588197,0.03288957
Test_124,0.11527152,0.053244065,0.023078527,0.8084059
Test_125,0.18392895,0.0248637,0.015349453,0.77585787
Test_126,0.93045187,0.019559035,0.031349562,0.018639501
Test_127,0.20428784,0.024686119,0.014801753,0.7562243
Test_128,0.08735979,0.43827686,0.14018019,0.33418313
Test_129,0.034013182,0.33763367,0.59107834,0.037274834
Test_130,0.026278233,0.03792568,0.01827631,0.91751975
Test_131,0.09242258,0.038358416,0.019545455,0.84967357
Test_132,0.9162572,0.02145031,0.026335293,0.035957195
Test_133,0.022568744,0.0538612,0.01872107,0.90484893
Test_134,0.20754747,0.08552768,0.035178535,0.6717463
Test_135,0.15072814,0.42859417,0.19216618,0.22851154
Test_136,0.066962,0.03297539,0.017905463,0.88215715
Test_137,0.022418734,0.086211845,0.8582797,0.033089757
Test_138,0.02923682,0.06317861,0.88107795,0.026506606
Test_139,0.9158552,0.022880508,0.030142512,0.031121705
Test_140,0.41212028,0.18593092,0.24548629,0.15646252
Test_141,0.18152234,0.023424907,0.016747545,0.77830523
Test_142,0.069382444,0.054341502,0.01877394,0.85750216
Test_143,0.15443505,0.056637805,0.024882492,0.76404464
Test_144,0.92966634,0.019155854,0.031805176,0.019372648
Test_145,0.06445749,0.082772836,0.021908555,0.8308611
Test_146,0.030842453,0.062158853,0.8785679,0.02843089
Test_147,0.023242373,0.36010557,0.5598062,0.056845933
Test_148,0.86527264,0.037488647,0.025717836,0.07152089
Test_149,0.43043453,0.12775427,0.39179346,0.050017733
Test_150,0.19173723,0.03508414,0.0181815,0.75499713
Test_151,0.027807128,0.050391633,0.8935114,0.028289836
Test_152,0.24974778,0.3408195,0.37582913,0.033603612
Test_153,0.112507105,0.032948636,0.018651407,0.83589286
Test_154,0.058502026,0.3883478,0.51879877,0.03435141
Test_155,0.027083505,0.18040316,0.76743454,0.025078755
Test_156,0.29605216,0.084012434,0.03381343,0.586122
Test_157,0.19376294,0.45658803,0.07276104,0.27688804
Test_158,0.19788483,0.036154408,0.020117125,0.7458436
Test_159,0.0232886,0.12268931,0.8202939,0.03372817
Test_160,0.89385927,0.028771862,0.027838299,0.049530573
Test_161,0.19213215,0.027440673,0.016883485,0.7635437
Test_162,0.025831584,0.033147585,0.92381966,0.017201146
Test_163,0.018020665,0.33618608,0.59446543,0.051327836
Test_164,0.6428176,0.071950994,0.03649091,0.24874048
Test_165,0.024854854,0.034341745,0.01666494,0.9241384
Test_166,0.051380206,0.04412849,0.88248616,0.02200517
Test_167,0.07503711,0.29766214,0.58887446,0.03842627
Test_168,0.049471583,0.5247348,0.056075692,0.3697179
Test_169,0.11719463,0.0838196,0.7772294,0.021756323
Test_170,0.48545328,0.08824104,0.043230265,0.38307548
Test_171,0.055986773,0.05035951,0.87860477,0.015048953
Test_172,0.020255838,0.35447234,0.5660384,0.059233446
Test_173,0.0191799,0.06744705,0.8880285,0.02534448
Test_174,0.21180096,0.039178353,0.016129987,0.7328907
Test_175,0.9305046,0.021306628,0.030323073,0.017865697
Test_176,0.06325156,0.286686,0.60209125,0.047971196
Test_177,0.15553021,0.02996878,0.017275477,0.79722553
Test_178,0.06493355,0.029410785,0.016593074,0.8890626
Test_179,0.45750037,0.21317911,0.1396045,0.18971603
Test_180,0.022503123,0.31230026,0.6239486,0.041248016
Test_181,0.19581766,0.038398825,0.018352801,0.74743074
Test_182,0.025059614,0.37806547,0.5066158,0.09025909
Test_183,0.8421871,0.06636304,0.048220437,0.043229368
Test_184,0.42093572,0.0475641,0.02799491,0.5035053
Test_185,0.16299188,0.083966,0.028977815,0.72406435
Test_186,0.16217564,0.11965035,0.03691018,0.6812638
Test_187,0.031577297,0.046162955,0.8898548,0.032404818
Test_188,0.038048238,0.08881396,0.837335,0.03580282
Test_189,0.9239599,0.022146014,0.028745895,0.025148207
Test_190,0.26244077,0.42314473,0.20587125,0.10854324
Test_191,0.09718681,0.1680424,0.7114095,0.023361221
Test_192,0.19919379,0.6049883,0.10162775,0.09419016
Test_193,0.03593057,0.070059635,0.8550027,0.039007105
Test_194,0.03135901,0.54469854,0.38371056,0.040231872
Test_195,0.87696296,0.042966478,0.042816337,0.037254274
Test_196,0.124269225,0.18433769,0.07691476,0.61447835
Test_197,0.30543393,0.3374967,0.16056548,0.19650385
Test_198,0.13028905,0.038122617,0.016862899,0.8147254
Test_199,0.103769004,0.11401882,0.7550155,0.027196685
Test_200,0.047463916,0.17084542,0.7573099,0.024380783
Test_201,0.104268745,0.40143815,0.061422147,0.43287095
Test_202,0.019909699,0.3640473,0.5141433,0.1018997
Test_203,0.04619155,0.29952678,0.6061207,0.0481609
Test_204,0.032433227,0.063874654,0.01758243,0.8861097
Test_205,0.11451761,0.032741725,0.016940828,0.8357998
Test_206,0.02369646,0.026102757,0.013376504,0.9368242
Test_207,0.5695674,0.14026746,0.23727682,0.052888304
Test_208,0.23999219,0.1883651,0.045896888,0.52574575
Test_209,0.03545614,0.64554524,0.11281599,0.2061826
Test_210,0.03612317,0.037481375,0.01789687,0.9084986
Test_211,0.20253602,0.40038723,0.15153211,0.24554467
Test_212,0.037065305,0.045251973,0.892951,0.024731688
Test_213,0.042763628,0.30997872,0.5401238,0.10713384
Test_214,0.1251963,0.4153754,0.38674003,0.072688244
Test_215,0.2354627,0.05330961,0.022801334,0.6884264
Test_216,0.9403389,0.015086522,0.029208967,0.015365697
Test_217,0.061061032,0.04263615,0.020050133,0.87625265
Test_218,0.92849284,0.018969027,0.032303955,0.020234227
Test_219,0.071168184,0.09501256,0.7976967,0.036122512
Test_220,0.021660645,0.025599416,0.013522938,0.939217
Test_221,0.06295268,0.0552171,0.017393317,0.8644369
Test_222,0.48474503,0.1909359,0.2695981,0.054720998
Test_223,0.028667608,0.29898325,0.59220064,0.08014846
Test_224,0.17518058,0.5507153,0.074694246,0.19940987
Test_225,0.90793693,0.025977124,0.032401998,0.033683885
Test_226,0.034622446,0.5760461,0.33547288,0.053858556
Test_227,0.02953355,0.028402051,0.014309734,0.9277547
Test_228,0.041354522,0.031807967,0.9116624,0.015175114
Test_229,0.022186693,0.05889052,0.8878298,0.03109298
Test_230,0.16026202,0.15840524,0.051539283,0.6297935
Test_231,0.099898025,0.035185784,0.019348722,0.8455675
Test_232,0.89925176,0.0274464,0.030149559,0.043152235
Test_233,0.9376486,0.015851986,0.030601695,0.015897699
Test_234,0.05368489,0.0402262,0.017685283,0.8884036
Test_235,0.024025768,0.02736647,0.014348425,0.9342593
Test_236,0.048356973,0.6051806,0.21982102,0.12664135
Test_237,0.028691804,0.17002779,0.032824576,0.7684558
Test_238,0.035610877,0.1995583,0.7332109,0.03161988
Test_239,0.05110825,0.13872111,0.7834834,0.026687259
Test_240,0.03030825,0.22400919,0.6872968,0.05838576
Test_241,0.06274212,0.38783282,0.10340867,0.44601637
Test_242,0.18409462,0.02514545,0.015750315,0.77500963
Test_243,0.844062,0.038378257,0.041154075,0.076405674
Test_244,0.24475507,0.2475203,0.072201625,0.43552294
Test_245,0.024728378,0.39316142,0.5012894,0.08082085
Test_246,0.024133213,0.032244634,0.014027511,0.92959464
Test_247,0.018237853,0.026413307,0.01386286,0.941486
Test_248,0.25915387,0.05830276,0.029625133,0.6529182
Test_249,0.028718477,0.10042237,0.84263116,0.02822795
Test_250,0.9270526,0.021332387,0.03460639,0.017008679
Test_251,0.91290396,0.026831442,0.029175943,0.031088669
Test_252,0.25527743,0.31259704,0.10979334,0.3223322
Test_253,0.037875753,0.076262996,0.024836298,0.86102504
Test_254,0.0733549,0.06417724,0.022337083,0.8401307
Test_255,0.0408685,0.046107125,0.01779067,0.89523375
Test_256,0.089276075,0.16151193,0.046645973,0.702566
Test_257,0.06973134,0.13372876,0.7720826,0.024457255
Test_258,0.21310309,0.22675851,0.5345887,0.02554973
Test_259,0.27430096,0.1896686,0.046504986,0.4895254
Test_260,0.2007711,0.021388432,0.014120443,0.76372004
Test_261,0.08176918,0.09668707,0.7953534,0.02619037
Test_262,0.15012935,0.053436756,0.02286146,0.77357244
Test_263,0.65873694,0.09496246,0.038355928,0.20794463
Test_264,0.9305331,0.018776689,0.03222649,0.018463757
Test_265,0.1295145,0.10796331,0.7311211,0.031401135
Test_266,0.027288636,0.027771529,0.014958759,0.92998105
Test_267,0.9421285,0.014056536,0.029432625,0.01438237
Test_268,0.017751249,0.37296999,0.5512359,0.058042895
Test_269,0.9289797,0.020820554,0.028202832,0.021996995
Test_270,0.025310421,0.026359102,0.01249776,0.9358327
Test_271,0.3028633,0.049938478,0.024587724,0.62261057
Test_272,0.026737392,0.54599893,0.30854908,0.11871467
Test_273,0.8447877,0.04887274,0.055377983,0.050961524
Test_274,0.06941023,0.14289927,0.75074667,0.036943734
Test_275,0.26070014,0.46468335,0.15870038,0.11591617
Test_276,0.16795874,0.51980865,0.061766803,0.25046578
Test_277,0.14828281,0.1520849,0.035782337,0.66384995
Test_278,0.043101154,0.073207036,0.025609683,0.8580822
Test_279,0.024149152,0.03641156,0.91935146,0.020087728
Test_280,0.08279676,0.04005433,0.019742236,0.85740674
Test_281,0.049700554,0.032985136,0.015795384,0.90151894
Test_282,0.027587444,0.70600474,0.05856816,0.20783968
Test_283,0.089606196,0.41236323,0.37627584,0.12175469
Test_284,0.3014968,0.26204073,0.40050468,0.03595777
Test_285,0.17194352,0.047557015,0.021096205,0.75940335
Test_286,0.18964705,0.020752797,0.015109897,0.77449024
Test_287,0.05895216,0.2690431,0.045161348,0.62684345
Test_288,0.025450956,0.29230982,0.03926838,0.64297086
Test_289,0.06801663,0.031563766,0.018131707,0.88228786
Test_290,0.036854398,0.07819235,0.85678756,0.028165653
Test_291,0.03625223,0.15332897,0.7783268,0.032092042
Test_292,0.91516316,0.022428013,0.027901534,0.034507286
Test_293,0.025515217,0.06155643,0.8867645,0.026163837
Test_294,0.08333464,0.24658862,0.631989,0.03808769
Test_295,0.49922806,0.1887335,0.16911685,0.14292161
Test_296,0.23938406,0.2972452,0.07100074,0.39237002
Test_297,0.04083669,0.03313202,0.016724229,0.9093071
Test_298,0.0585954,0.39417967,0.10980598,0.43741894
Test_299,0.027588863,0.5329842,0.0903091,0.34911782
Test_300,0.18540245,0.032044865,0.016849075,0.7657036
Test_301,0.9213482,0.023915064,0.02914851,0.025588283
Test_302,0.021726977,0.029322203,0.0145366145,0.9344142
Test_303,0.7182503,0.108509734,0.06851678,0.1047232
Test_304,0.7164036,0.08482461,0.15658057,0.04219123
Test_305,0.860649,0.03581899,0.027478406,0.07605359
Test_306,0.10451583,0.037685744,0.01970157,0.8380969
Test_307,0.9260513,0.023682723,0.02380318,0.026462758
Test_308,0.20087469,0.046706825,0.018369388,0.73404914
Test_309,0.075852245,0.47532162,0.37410134,0.07472482
Test_310,0.018401328,0.3228807,0.60588104,0.052836925
Test_311,0.030846437,0.29930392,0.6221522,0.047697425
Test_312,0.11376723,0.033175584,0.019192483,0.8338647
Test_313,0.025104742,0.028685248,0.014313911,0.9318961
Test_314,0.030781906,0.03286528,0.014872263,0.92148054
Test_315,0.19434865,0.029783364,0.017322596,0.7585454
Test_316,0.048391175,0.09373581,0.8221159,0.035757165
Test_317,0.19284983,0.10460345,0.67845356,0.024093168
Test_318,0.08278476,0.09010669,0.028441483,0.7986671
Test_319,0.038015813,0.056570064,0.8775157,0.027898442
Test_320,0.03872455,0.032817982,0.9141987,0.014258852
Test_321,0.88618106,0.043200247,0.041237622,0.029381093
Test_322,0.9013953,0.03509599,0.035388093,0.028120553
Test_323,0.2088722,0.4953414,0.22320159,0.0725848
Test_324,0.046409383,0.26640475,0.6588596,0.028326288
Test_325,0.07947265,0.039342128,0.01672411,0.86446106
Test_326,0.054629713,0.1273252,0.79247665,0.02556842
Test_327,0.13586074,0.043072693,0.019796321,0.8012703
Test_328,0.13726015,0.2772267,0.5125596,0.072953545
Test_329,0.045540567,0.086523056,0.8482874,0.019648904
Test_330,0.025650453,0.27456096,0.6614443,0.03834438
Test_331,0.060159773,0.42599058,0.10956397,0.40428567
Test_332,0.8489951,0.051050983,0.06199486,0.037959058
Test_333,0.018570874,0.67530906,0.15644203,0.14967796
Test_334,0.030421877,0.08254513,0.85364723,0.0333858
Test_335,0.9413315,0.013570083,0.032281023,0.012817433
Test_336,0.090846576,0.112313904,0.77205735,0.024782155
Test_337,0.85646564,0.05253439,0.04817627,0.04282369
Test_338,0.9362029,0.01716141,0.028354466,0.018281136
Test_339,0.102241516,0.54258794,0.2967039,0.058466684
Test_340,0.36718023,0.084900744,0.52372134,0.024197664
Test_341,0.8918956,0.023469996,0.035311006,0.04932343
Test_342,0.94109803,0.016661279,0.02547754,0.016763166
Test_343,0.65886724,0.07754363,0.03676355,0.2268256
Test_344,0.040157747,0.15111995,0.77760977,0.03111254
Test_345,0.08924432,0.5412548,0.19190675,0.17759411
Test_346,0.052919496,0.11894189,0.80333936,0.02479928
Test_347,0.11945087,0.22248586,0.38145322,0.27661005
Test_348,0.122176066,0.031680126,0.018747408,0.8273964
Test_349,0.022500122,0.40440136,0.37371582,0.19938271
Test_350,0.059106953,0.09589964,0.029948413,0.815045
Test_351,0.028878037,0.051911555,0.8911015,0.02810897
Test_352,0.14772427,0.29509467,0.11829616,0.4388849
Test_353,0.0982246,0.545262,0.28252834,0.073985085
Test_354,0.03491599,0.05953644,0.85133266,0.054214917
Test_355,0.040703654,0.14899929,0.055367876,0.7549292
Test_356,0.93460894,0.017148664,0.03013054,0.018111879
Test_357,0.94178903,0.013173667,0.031765707,0.013271658
Test_358,0.077042475,0.6200185,0.117654525,0.18528453
Test_359,0.030092824,0.04275477,0.01612258,0.9110298
Test_360,0.17218456,0.038901903,0.019838179,0.7690754
Test_361,0.88621914,0.031330325,0.031538203,0.05091233
Test_362,0.9328192,0.019507857,0.02438122,0.023291796
Test_363,0.03666789,0.109429695,0.82841843,0.02548396
Test_364,0.037194822,0.05571752,0.86879814,0.03828951
Test_365,0.08941539,0.08121313,0.8071079,0.02226361
Test_366,0.1545076,0.38996133,0.40166664,0.053864367
Test_367,0.03316234,0.030650925,0.015987093,0.9201997
Test_368,0.928625,0.02248323,0.026145559,0.022746231
Test_369,0.017851966,0.044426724,0.01876834,0.91895294
Test_370,0.017172102,0.034663655,0.926046,0.022118231
Test_371,0.030750055,0.057805143,0.8842913,0.027153542
Test_372,0.12167128,0.06890245,0.02595969,0.78346664
Test_373,0.027217293,0.060137294,0.8877103,0.024935097
Test_374,0.054595612,0.26546103,0.6231215,0.056821864
Test_375,0.1587915,0.05945947,0.02215016,0.75959885
Test_376,0.9049009,0.026101014,0.03615136,0.032846615
Test_377,0.914518,0.024544766,0.029565137,0.031372134
Test_378,0.029464087,0.043009676,0.89993316,0.027593121
Test_379,0.052629888,0.537297,0.2169253,0.19314781
Test_380,0.07230805,0.17177145,0.049592566,0.7063279
Test_381,0.23166437,0.07011698,0.028403118,0.6698155
Test_382,0.24751711,0.07680388,0.030518446,0.6451605
Test_383,0.9234837,0.022928482,0.025232663,0.028355157
Test_384,0.029664263,0.041891884,0.9058136,0.022630274
Test_385,0.1651499,0.065616965,0.022064364,0.7471688
Test_386,0.014827879,0.71594673,0.1257869,0.14343849
Test_387,0.03812642,0.097055346,0.023162872,0.8416554
Test_388,0.58792603,0.059987254,0.02635256,0.3257342
Test_389,0.67799747,0.073047414,0.17802842,0.07092664
Test_390,0.34324205,0.035603486,0.023300732,0.5978538
Test_391,0.038451895,0.52721906,0.3914551,0.04287395
Test_392,0.16042167,0.06676235,0.7546194,0.018196555
Test_393,0.15685208,0.030606657,0.018428158,0.79411304
Test_394,0.19359058,0.03139503,0.016642569,0.7583718
Test_395,0.054136336,0.4356289,0.44001308,0.07022171
Test_396,0.06796189,0.03874566,0.016386513,0.8769059
Test_397,0.048399396,0.035220243,0.0155920135,0.9007883
Test_398,0.039304208,0.16276315,0.7659606,0.031972058
Test_399,0.18218052,0.05432073,0.020003993,0.74349475
Test_400,0.051390756,0.080895305,0.84206945,0.02564453
Test_401,0.06559012,0.49656788,0.33519095,0.10265108
Test_402,0.1455262,0.029021105,0.01824818,0.80720454
Test_403,0.1041785,0.120777324,0.7510151,0.02402902
Test_404,0.10981254,0.05120734,0.022954913,0.81602526
Test_405,0.13391677,0.03599464,0.020210143,0.80987847
Test_406,0.014917707,0.022689773,0.012271878,0.9501206
Test_407,0.14385757,0.034209292,0.020129401,0.8018037
Test_408,0.094826795,0.04014299,0.020745486,0.8442847
Test_409,0.1811496,0.118738875,0.6652069,0.034904595
Test_410,0.11137394,0.040814955,0.021099264,0.82671183
Test_411,0.94213915,0.013975876,0.03017664,0.013708303
Test_412,0.033915732,0.63019454,0.18927078,0.14661892
Test_413,0.9401468,0.015238775,0.029013524,0.015600806
Test_414,0.0205465,0.065877825,0.8898169,0.023758892
Test_415,0.028074747,0.07609595,0.86974126,0.026088024
Test_416,0.4362223,0.120702066,0.045894958,0.39718062
Test_417,0.040674295,0.05175854,0.8754638,0.032103434
Test_418,0.897583,0.03219087,0.041683774,0.028542439
Test_419,0.940101,0.015726542,0.028868591,0.015303671
Test_420,0.021264877,0.2519656,0.6851527,0.041616745
Test_421,0.035981786,0.03052302,0.015411365,0.91808385
Test_422,0.099708855,0.059511323,0.018475741,0.82230407
Test_423,0.040172093,0.6444832,0.1323897,0.182955
Test_424,0.036504388,0.1482642,0.788812,0.026419476
Test_425,0.36995646,0.08616608,0.028978411,0.5148991
Test_426,0.031040411,0.033596806,0.91812915,0.017233677
Test_427,0.029069763,0.025951367,0.014028919,0.93095
Test_428,0.06499235,0.042704806,0.022176286,0.87012655
Test_429,0.023516627,0.07848809,0.85883063,0.039164633
Test_430,0.05633142,0.06263459,0.8658435,0.015190506
Test_431,0.9277998,0.020556353,0.034012385,0.017631486
Test_432,0.062484752,0.03810447,0.017959973,0.8814508
Test_433,0.1166207,0.03009497,0.017334104,0.8359502
Test_434,0.034826394,0.033566903,0.015616624,0.91599005
Test_435,0.94060075,0.015713895,0.026732594,0.016952783
Test_436,0.03988246,0.05731973,0.020542782,0.8822551
Test_437,0.32698998,0.37162393,0.20455189,0.09683422
Test_438,0.021676144,0.36396775,0.5700172,0.044338875
Test_439,0.17955555,0.3477553,0.24168411,0.23100503
Test_440,0.041500397,0.12397124,0.8064812,0.02804715
Test_441,0.5577798,0.062329203,0.035630956,0.34426004
Test_442,0.034572475,0.059586447,0.86236304,0.04347803
Test_443,0.05525896,0.039802544,0.018600248,0.88633823
Test_444,0.9317395,0.019421758,0.03134015,0.017498644
Test_445,0.16618124,0.31294045,0.48388305,0.036995254
Test_446,0.06226795,0.08334582,0.82212675,0.032259442
Test_447,0.06515479,0.07721363,0.8342799,0.023351688
Test_448,0.017429382,0.04186586,0.9135355,0.027169187
Test_449,0.05110488,0.049775027,0.022041515,0.87707853
Test_450,0.19275883,0.02515322,0.75983727,0.022250677
Test_451,0.01921401,0.12560228,0.8115387,0.043645106
Test_452,0.15905687,0.25456798,0.54363555,0.042739533
Test_453,0.048327647,0.04910382,0.021399388,0.8811692
Test_454,0.082442015,0.43828493,0.19846895,0.2808041
Test_455,0.041352104,0.027690362,0.015160601,0.91579694
Test_456,0.05982279,0.3679687,0.48559466,0.086613774
Test_457,0.11121293,0.033095267,0.019013187,0.8366787
Test_458,0.19563213,0.058187526,0.02521663,0.72096366
Test_459,0.07376824,0.09174509,0.8112219,0.023264708
Test_460,0.1501677,0.03692396,0.018555561,0.79435277
Test_461,0.061395008,0.0410837,0.017377466,0.8801438
Test_462,0.020877201,0.51736647,0.22517154,0.23658475
Test_463,0.037591867,0.1326079,0.028014427,0.80178577
Test_464,0.9359617,0.016469752,0.030994449,0.016574051
Test_465,0.0152340885,0.037199885,0.9209277,0.0266383
Test_466,0.18968742,0.30537716,0.44519767,0.05973772
Test_467,0.025827622,0.030183936,0.0145148095,0.9294736
Test_468,0.90928876,0.030402705,0.030027336,0.030281246
Test_469,0.25449592,0.39660043,0.28253227,0.06637142
Test_470,0.023784935,0.422963,0.0935937,0.45965832
Test_471,0.16259018,0.1894486,0.6171638,0.030797442
Test_472,0.93943274,0.015721794,0.029829914,0.015015582
Test_473,0.050057553,0.606978,0.14846939,0.19449505
Test_474,0.032409016,0.057387926,0.88826406,0.02193894
Test_475,0.14010221,0.04477609,0.022563694,0.79255795
Test_476,0.06334491,0.04341823,0.021646509,0.87159044
Test_477,0.05986933,0.04368599,0.018221837,0.8782228
Test_478,0.065265656,0.20346165,0.03881331,0.6924594
Test_479,0.33346567,0.033672594,0.021114442,0.61174726
Test_480,0.018066712,0.6254643,0.19969705,0.15677185
Test_481,0.06711868,0.0906546,0.027781507,0.8144452
Test_482,0.04590419,0.0423116,0.019315632,0.89246863
Test_483,0.074328884,0.05083418,0.8577286,0.017108312
Test_484,0.87063015,0.03931285,0.036506336,0.05355067
Test_485,0.91561586,0.026929926,0.026584312,0.030869868
Test_486,0.03931032,0.034768835,0.01589775,0.9100231
Test_487,0.8928973,0.030569758,0.03361147,0.04292146
Test_488,0.016546942,0.23381707,0.70514363,0.04449229
Test_489,0.031087523,0.21093395,0.72911483,0.028863737
Test_490,0.048745893,0.52401483,0.3755421,0.051697202
Test_491,0.06105266,0.046302393,0.8773452,0.0152997505
Test_492,0.08636556,0.06389998,0.020589443,0.8291451
Test_493,0.02709113,0.12974167,0.056374192,0.78679305
Test_494,0.020849826,0.17266807,0.772623,0.03385911
Test_495,0.19125877,0.024429029,0.014594743,0.7697174
Test_496,0.9410156,0.014991263,0.028162569,0.01583058
Test_497,0.1938671,0.049059678,0.02157492,0.7354983
Test_498,0.93466246,0.018218372,0.025060568,0.022058677
Test_499,0.22564673,0.38512287,0.30984077,0.079389624
Test_500,0.04949919,0.090651274,0.83654946,0.023300108
Test_501,0.92391,0.02218916,0.02700693,0.026893955
Test_502,0.56405276,0.09720751,0.31090993,0.027829874
Test_503,0.21584694,0.1181322,0.6414163,0.024604505
Test_504,0.18232334,0.13133624,0.08557107,0.60076934
Test_505,0.033377275,0.040277105,0.015660416,0.9106852
Test_506,0.024706544,0.7547281,0.179822,0.04074339
Test_507,0.17100176,0.11798195,0.63632345,0.074692845
Test_508,0.023732759,0.060613018,0.8924221,0.02323215
Test_509,0.0263489,0.10010928,0.8451578,0.02838404
Test_510,0.028055614,0.39935437,0.51372576,0.058864255
Test_511,0.021050248,0.033675972,0.015557436,0.9297163
Test_512,0.9190194,0.023085061,0.027065784,0.030829793
Test_513,0.22640269,0.16562709,0.03253322,0.57543695
Test_514,0.92183673,0.026232105,0.029343123,0.022587966
Test_515,0.018582422,0.03892788,0.913077,0.029412696
Test_516,0.020077543,0.042893823,0.90693474,0.030093933
Test_517,0.037889387,0.045097005,0.017112043,0.89990157
Test_518,0.04370007,0.53833586,0.14112079,0.27684334
Test_519,0.08392974,0.031432893,0.01572578,0.86891156
Test_520,0.028588,0.6513026,0.13616385,0.18394558
Test_521,0.75443566,0.08674483,0.049096704,0.10972287
Test_522,0.0182786,0.03800043,0.9172503,0.026470805
Test_523,0.03792584,0.044863887,0.89714134,0.020068917
Test_524,0.030460685,0.04528012,0.9034194,0.020839805
Test_525,0.68150693,0.17278479,0.109566346,0.036141925
Test_526,0.020283628,0.35345918,0.57322276,0.053034447
Test_527,0.06151191,0.26860258,0.64010555,0.029780041
Test_528,0.15138255,0.35634685,0.44302636,0.049244203
Test_529,0.2437963,0.055449884,0.022073913,0.6786799
Test_530,0.9077053,0.02250969,0.026322776,0.043462206
Test_531,0.053194642,0.2529946,0.6664896,0.027321149
Test_532,0.13557857,0.11780952,0.71606857,0.03054336
Test_533,0.20492549,0.19425967,0.049442947,0.5513719
Test_534,0.029147748,0.034218654,0.016473234,0.9201603
Test_535,0.026717931,0.15075696,0.79219604,0.030329034
Test_536,0.26832372,0.42759147,0.093858555,0.21022622
Test_537,0.36314425,0.33761498,0.25993794,0.03930288
Test_538,0.03540317,0.028465077,0.015149245,0.92098254
Test_539,0.2705267,0.27180552,0.43034753,0.0273202
Test_540,0.032015,0.025298923,0.9207193,0.021966752
Test_541,0.80141354,0.06857534,0.104776725,0.025234368
Test_542,0.9376772,0.016065612,0.028993929,0.017263267
Test_543,0.033648722,0.4334156,0.054277927,0.47865772
Test_544,0.09905372,0.10978989,0.76459134,0.026565071
Test_545,0.086775325,0.39593494,0.4045388,0.11275085
Test_546,0.09411689,0.32773614,0.06812967,0.51001734
Test_547,0.034960277,0.06609699,0.87234575,0.026597017
Test_548,0.024186153,0.17021637,0.76728207,0.038315404
Test_549,0.121277556,0.035923526,0.017576447,0.8252225
Test_550,0.030590529,0.031367153,0.014379608,0.92366266
Test_551,0.9223175,0.024918383,0.029788423,0.022975706
Test_552,0.38636726,0.15646167,0.047884442,0.40928665
Test_553,0.037354924,0.03520815,0.016510198,0.9109267
Test_554,0.03964753,0.117353186,0.030140886,0.8128584
Test_555,0.30039373,0.087976895,0.040822156,0.5708072
Test_556,0.9161026,0.023371208,0.030154686,0.030371467
Test_557,0.024202546,0.50685894,0.31708935,0.15184918
Test_558,0.025856625,0.47752267,0.3724671,0.12415369
Test_559,0.8664714,0.039437305,0.038231347,0.055859964
Test_560,0.041586556,0.059498973,0.8665702,0.03234427
Test_561,0.021243393,0.3757555,0.5342975,0.06870366
Test_562,0.01999535,0.26854494,0.67482793,0.036631815
Test_563,0.021995034,0.5879406,0.19886486,0.19119953
Test_564,0.03320853,0.5691323,0.22914533,0.1685138
Test_565,0.03482779,0.14031595,0.7921404,0.032715812
Test_566,0.03672915,0.34159118,0.57688534,0.044794314
Test_567,0.047146488,0.041989185,0.017850455,0.89301383
Test_568,0.14558561,0.1904596,0.63580364,0.02815122
Test_569,0.20858201,0.03873473,0.016956175,0.735727
Test_570,0.20706931,0.16064589,0.027518487,0.60476637
Test_571,0.19530103,0.28872117,0.47272426,0.043253448
Test_572,0.15449624,0.06875242,0.025318637,0.7514327
Test_573,0.18747318,0.08068377,0.021402614,0.7104404
Test_574,0.2245008,0.059096377,0.023703491,0.6926993
Test_575,0.6560934,0.05198296,0.03715158,0.254772
Test_576,0.18595128,0.042395998,0.020105805,0.751547
Test_577,0.04066678,0.2174393,0.038057968,0.7038359
Test_578,0.8411045,0.052091308,0.031911723,0.074892454
Test_579,0.8989938,0.028403288,0.052406646,0.020196278
Test_580,0.029748935,0.2129488,0.72371215,0.03359011
Test_581,0.85575545,0.036738537,0.038681366,0.06882474
Test_582,0.03953197,0.43823013,0.4589356,0.06330229
Test_583,0.9262022,0.020426601,0.030871436,0.022499774
Test_584,0.21441217,0.3043559,0.34619012,0.1350418
Test_585,0.05692192,0.060167372,0.8546554,0.02825524
Test_586,0.90586984,0.026541198,0.029117834,0.038471013
Test_587,0.053990982,0.08443062,0.8380866,0.023491833
Test_588,0.20432949,0.3398742,0.395785,0.06001134
Test_589,0.13381216,0.11328872,0.04293363,0.7099655
Test_590,0.028862175,0.055721432,0.8945691,0.020847296
Test_591,0.07914852,0.21892302,0.66643953,0.035488926
Test_592,0.92794836,0.021180952,0.026346589,0.024524037
Test_593,0.01979896,0.046344627,0.90126765,0.032588787
Test_594,0.5330212,0.101649776,0.32792634,0.037402663
Test_595,0.046299934,0.05515923,0.020455569,0.8780853
Test_596,0.6842717,0.15361132,0.1204836,0.041633394
Test_597,0.0352282,0.02889813,0.015004848,0.92086875
Test_598,0.10572306,0.55259925,0.24651127,0.0951664
Test_599,0.27421626,0.20371795,0.04686441,0.47520143
Test_600,0.025578296,0.41366458,0.53209215,0.028665021
Test_601,0.022486305,0.050235122,0.019899061,0.9073795
Test_602,0.016713966,0.026826445,0.013908078,0.9425515
Test_603,0.04033689,0.05221206,0.017772062,0.8896791
Test_604,0.20542422,0.38803926,0.34793806,0.05859843
Test_605,0.86586636,0.033323206,0.08308592,0.017724473
Test_606,0.6371809,0.049206868,0.026561672,0.28705058
Test_607,0.70180225,0.09545519,0.054071955,0.14867051
Test_608,0.02479033,0.034890357,0.015775029,0.9245442
Test_609,0.85946625,0.030736763,0.034458637,0.07533832
Test_610,0.03041048,0.0450886,0.017639678,0.9068612
Test_611,0.897124,0.03358538,0.04770011,0.021590486
Test_612,0.08503273,0.08113594,0.81190217,0.021929197
Test_613,0.9294931,0.020076191,0.028363764,0.022066902
Test_614,0.047866438,0.122766875,0.80320895,0.026157763
Test_615,0.024872866,0.0580528,0.8876503,0.029424027
Test_616,0.18550731,0.1419895,0.039174695,0.6333285
Test_617,0.24294667,0.0857891,0.028912019,0.64235216
Test_618,0.112096384,0.040451497,0.019158177,0.8282939
Test_619,0.03326944,0.23858657,0.69328105,0.03486291
Test_620,0.017067324,0.50093096,0.38418147,0.09782025
Test_621,0.027311414,0.03458038,0.015731819,0.92237645
Test_622,0.03879009,0.10888715,0.82943755,0.022885207
Test_623,0.14109531,0.037046283,0.018609527,0.8032489
Test_624,0.01834597,0.503082,0.41353408,0.065037996
Test_625,0.14105533,0.37196296,0.066671945,0.42030978
Test_626,0.07067988,0.086100616,0.80967015,0.033549316
Test_627,0.89394915,0.0315331,0.029356029,0.045161773
Test_628,0.11691888,0.04501049,0.018562056,0.81950855
Test_629,0.93799436,0.016039383,0.03006657,0.015899677
Test_630,0.9384736,0.015334639,0.029905308,0.016286438
Test_631,0.92539966,0.022421401,0.027921846,0.024257023
Test_632,0.92904246,0.020184865,0.03047064,0.020302016
Test_633,0.104022786,0.10008919,0.7519659,0.043922216
Test_634,0.027250757,0.14445767,0.024670875,0.80362064
Test_635,0.90662134,0.02687266,0.026943114,0.039562855
Test_636,0.0391954,0.32328475,0.05982555,0.5776943
Test_637,0.041920796,0.04155828,0.89578056,0.02074031
Test_638,0.091068566,0.049289756,0.020554246,0.83908737
Test_639,0.038201313,0.2703902,0.65388304,0.03752538
Test_640,0.023405747,0.045789145,0.018606696,0.91219836
Test_641,0.16532509,0.28880844,0.48819527,0.05767119
Test_642,0.02529724,0.051647782,0.02056168,0.9024933
Test_643,0.93988913,0.016331077,0.02734352,0.016436305
Test_644,0.08577277,0.056637615,0.019375095,0.8382145
Test_645,0.93007183,0.02102156,0.026352191,0.022554403
Test_646,0.15318748,0.27283236,0.5184398,0.055540316
Test_647,0.027010124,0.5706981,0.14008415,0.2622076
Test_648,0.94042075,0.014523774,0.029508326,0.015547171
Test_649,0.08222457,0.055391442,0.8408247,0.021559257
Test_650,0.060913216,0.2977577,0.55873233,0.08259676
Test_651,0.024693608,0.047584765,0.019549178,0.9081724
Test_652,0.11302054,0.091842555,0.7696706,0.025466338
Test_653,0.934837,0.018612783,0.027296519,0.019253774
Test_654,0.073908925,0.1039528,0.797098,0.025040343
Test_655,0.023715671,0.06713198,0.024382163,0.8847702
Test_656,0.144497,0.03965066,0.019769516,0.79608285
Test_657,0.025640199,0.07782287,0.8592922,0.037244685
Test_658,0.93976915,0.0140776485,0.03268053,0.013472691
Test_659,0.12530993,0.2597527,0.03863852,0.57629883
Test_660,0.020199742,0.07087391,0.88223475,0.02669156
Test_661,0.02854978,0.031606793,0.013903061,0.92594033
Test_662,0.028875213,0.029848805,0.015479294,0.9257967
Test_663,0.01910126,0.2435951,0.7049981,0.032305595
Test_664,0.030670475,0.05120481,0.8995782,0.018546522
Test_665,0.033171445,0.03704266,0.016443126,0.9133428
Test_666,0.03769029,0.09061597,0.8463979,0.025295842
Test_667,0.90540135,0.02673858,0.04086106,0.026998937
Test_668,0.02560446,0.38647276,0.541284,0.04663868
Test_669,0.0757201,0.13165903,0.7671044,0.02551646
Test_670,0.22650412,0.2536238,0.19347148,0.32640067
Test_671,0.05233469,0.58436537,0.28492197,0.07837795
Test_672,0.899086,0.032491043,0.031720206,0.036702733
Test_673,0.08596407,0.33130044,0.48427343,0.09846207
Test_674,0.020745533,0.17372295,0.7618181,0.043713406
Test_675,0.94205177,0.012463249,0.034078132,0.011406915
Test_676,0.91205424,0.028141975,0.028152093,0.031651713
Test_677,0.06340636,0.0631547,0.038807143,0.83463174
Test_678,0.07749842,0.03659037,0.016524322,0.86938685
Test_679,0.08467813,0.25331977,0.6162071,0.045794975
Test_680,0.0935174,0.043526895,0.018727537,0.84422815
Test_681,0.92968386,0.020883737,0.029186692,0.020245675
Test_682,0.86677134,0.042111848,0.03293442,0.05818244
Test_683,0.02329093,0.035819285,0.016431332,0.9244584
Test_684,0.033178467,0.118034646,0.029553752,0.8192331
Test_685,0.93253374,0.020177986,0.027743345,0.01954491
Test_686,0.03813141,0.0383094,0.018639775,0.90491945
Test_687,0.9405757,0.016505497,0.025593719,0.017325092
Test_688,0.026534319,0.27840737,0.029259766,0.66579854
Test_689,0.121263385,0.034903947,0.018382886,0.82544976
Test_690,0.023958182,0.027856726,0.012915614,0.9352695
Test_691,0.94110763,0.015604439,0.02689672,0.016391164
Test_692,0.020568063,0.22149324,0.7091001,0.048838604
Test_693,0.93111306,0.019791001,0.02564863,0.02344734
Test_694,0.16854744,0.20130014,0.073979616,0.55617285
Test_695,0.92844373,0.021621441,0.024851058,0.025083747
Test_696,0.07901956,0.09393243,0.8010705,0.025977477
Test_697,0.03921556,0.19442542,0.72352993,0.042829096
Test_698,0.9251329,0.020986961,0.02716661,0.02671357
Test_699,0.1462905,0.029420722,0.019238112,0.8050507
Test_700,0.033944987,0.048947137,0.8998,0.017307907
Test_701,0.57402796,0.06615256,0.035651084,0.32416838
Test_702,0.73982304,0.05725659,0.037731867,0.16518842
Test_703,0.04504654,0.07052208,0.8618139,0.02261747
Test_704,0.021266097,0.44423485,0.46630597,0.06819311
Test_705,0.30267388,0.16938409,0.49526882,0.0326732
Test_706,0.9431036,0.014319328,0.028984254,0.0135927815
Test_707,0.14378564,0.19576915,0.032347325,0.6280979
Test_708,0.19795164,0.031413235,0.016307652,0.7543275
Test_709,0.024719581,0.031539332,0.92042005,0.023321006
Test_710,0.026461493,0.6013385,0.28599498,0.08620505
Test_711,0.88903683,0.030981842,0.02888954,0.051091813
Test_712,0.05414503,0.03599202,0.01681325,0.8930497
Test_713,0.02245765,0.73791045,0.111408256,0.12822366
Test_714,0.11011062,0.5889958,0.10373291,0.19716063
Test_715,0.031972192,0.03290375,0.91478693,0.02033716
Test_716,0.037112642,0.027872186,0.014453188,0.92056197
Test_717,0.03942352,0.083671,0.85431516,0.022590354
Test_718,0.9231423,0.021807507,0.038749505,0.016300661
Test_719,0.102740146,0.20732637,0.65136445,0.03856902
Test_720,0.9415165,0.01495555,0.028322244,0.015205748
Test_721,0.03684558,0.25632244,0.66002494,0.046807103
Test_722,0.025170187,0.068168744,0.8747555,0.03190556
Test_723,0.9341852,0.017281026,0.02689122,0.02164251
Test_724,0.059565462,0.2829369,0.6156792,0.041818433
Test_725,0.14866515,0.05001829,0.020549381,0.78076714
Test_726,0.09759848,0.030966645,0.016384106,0.85505074
Test_727,0.11493405,0.49786845,0.29187718,0.09532031
Test_728,0.025536131,0.42018223,0.5042798,0.050001882
Test_729,0.09469782,0.19191718,0.6790224,0.034362663
Test_730,0.03577484,0.6341814,0.055889916,0.2741539
Test_731,0.03672215,0.20348275,0.72679824,0.0329969
Test_732,0.020222083,0.66207325,0.2514042,0.06630053
Test_733,0.07458283,0.27909365,0.5890306,0.0572929
Test_734,0.9402588,0.01574049,0.027395621,0.016605029
Test_735,0.91205233,0.026554506,0.030986348,0.030406753
Test_736,0.7604434,0.034958225,0.022405526,0.18219282
Test_737,0.19325343,0.031343874,0.015832344,0.7595703
Test_738,0.88286114,0.029541692,0.03957506,0.04802206
Test_739,0.031040695,0.049726777,0.8971449,0.022087563
Test_740,0.030339241,0.036074005,0.017416505,0.9161703
Test_741,0.044606663,0.035166807,0.015030052,0.9051965
Test_742,0.24729843,0.08530205,0.037929006,0.62947047
Test_743,0.07955025,0.08687475,0.8062212,0.027353844
Test_744,0.72272456,0.05608047,0.03029387,0.19090112
Test_745,0.18433435,0.055954654,0.025613898,0.73409706
Test_746,0.047524728,0.1183749,0.7939891,0.040111236
Test_747,0.93531024,0.0159184,0.031397205,0.017374149
Test_748,0.14130136,0.043183647,0.018442977,0.79707205
Test_749,0.14966075,0.09774737,0.034442097,0.7181498
Test_750,0.26689586,0.05969832,0.02549464,0.6479112
Test_751,0.023172814,0.16983174,0.76815885,0.03883656
Test_752,0.20357911,0.033049863,0.017511569,0.74585944
Test_753,0.033685584,0.03565125,0.91153306,0.019130107
Test_754,0.5336685,0.05100798,0.028911818,0.38641167
Test_755,0.1826755,0.03573535,0.019439409,0.7621498
Test_756,0.9409989,0.015950102,0.02617698,0.016874034
Test_757,0.07527628,0.0387008,0.01994389,0.86607903
Test_758,0.924296,0.023029048,0.03388228,0.018792737
Test_759,0.1957969,0.27832037,0.118225016,0.4076577
Test_760,0.9260187,0.019199068,0.03084135,0.023940826
Test_761,0.027288934,0.09362072,0.041681748,0.83740866
Test_762,0.079588234,0.07447703,0.825457,0.02047771
Test_763,0.042734973,0.25158846,0.6578699,0.047806676
Test_764,0.8929082,0.028312594,0.03828437,0.040494904
Test_765,0.06935815,0.050691627,0.01888837,0.8610619
Test_766,0.0339925,0.030112624,0.014917758,0.9209771
Test_767,0.8817738,0.032950163,0.02785339,0.057422657
Test_768,0.39480156,0.06565339,0.0323165,0.50722855
Test_769,0.048861552,0.3917903,0.50715977,0.05218842
Test_770,0.31554645,0.041293688,0.019914985,0.6232449
Test_771,0.025066128,0.08930044,0.8566626,0.028970871
Test_772,0.10833086,0.19155161,0.035337858,0.6647797
Test_773,0.058001153,0.43961677,0.38766363,0.1147184
Test_774,0.038699728,0.27597836,0.07373413,0.6115878
Test_775,0.40018845,0.28285655,0.2688554,0.0480996
Test_776,0.93755263,0.016890448,0.028119255,0.017437657
Test_777,0.76122814,0.07768217,0.12819707,0.032892615
Test_778,0.91097605,0.026322579,0.03034454,0.032356836
Test_779,0.055334378,0.032163486,0.01625261,0.8962496
Test_780,0.9315449,0.018218065,0.029211331,0.021025786
Test_781,0.9428773,0.014489102,0.028498048,0.014135552
Test_782,0.038692195,0.19451316,0.73332345,0.033471197
Test_783,0.027118113,0.053234242,0.8926736,0.026974086
Test_784,0.047690384,0.07343786,0.85223275,0.026638916
Test_785,0.94131833,0.013681173,0.03149558,0.013504863
Test_786,0.13704363,0.47646418,0.15134805,0.23514411
Test_787,0.06419986,0.11938405,0.7831494,0.033266656
Test_788,0.9176661,0.022878218,0.026164925,0.03329087
Test_789,0.043981858,0.23132734,0.68586075,0.038830005
Test_790,0.045778118,0.57985103,0.06722728,0.30714348
Test_791,0.121447064,0.04143154,0.017132511,0.8199889
Test_792,0.037873365,0.101673365,0.8341873,0.026265865
Test_793,0.021528043,0.09934223,0.84407866,0.035051044
Test_794,0.20408516,0.064499915,0.022942185,0.7084727
Test_795,0.045658268,0.036874324,0.015760796,0.9017066
Test_796,0.024641404,0.0711275,0.8803507,0.023880422
Test_797,0.9274948,0.02044635,0.027704086,0.02435476
Test_798,0.025443023,0.100653216,0.8473303,0.02657356
Test_799,0.29234758,0.2653535,0.40440494,0.037894
Test_800,0.032978654,0.14157858,0.7953371,0.030105691
Test_801,0.060441267,0.06866912,0.85075533,0.020134348
Test_802,0.06720807,0.29852736,0.55204713,0.082217425
Test_803,0.14884914,0.055979688,0.023910794,0.7712604
Test_804,0.019701134,0.2725442,0.65383774,0.05391693
Test_805,0.28578636,0.26689476,0.40854675,0.038772114
Test_806,0.030300718,0.59860724,0.056365024,0.314727
Test_807,0.033249795,0.62238735,0.16347249,0.1808904
Test_808,0.93601406,0.017731745,0.027722582,0.018531572
Test_809,0.81609213,0.042773146,0.032592367,0.1085423
Test_810,0.042401563,0.067909464,0.8707658,0.018923117
Test_811,0.91636324,0.022601401,0.030679196,0.030356199
Test_812,0.039277148,0.4549219,0.46873006,0.037070863
Test_813,0.9289278,0.018927788,0.030692127,0.021452298
Test_814,0.15302801,0.028156728,0.016927417,0.8018878
Test_815,0.121381186,0.098069206,0.024558615,0.75599104
Test_816,0.021220146,0.4377776,0.08016125,0.46084103
Test_817,0.23012762,0.3932346,0.24243152,0.13420627
Test_818,0.4688615,0.042671405,0.022125572,0.46634156
Test_819,0.11205508,0.064258516,0.80415183,0.019534623
Test_820,0.9215115,0.02059744,0.02557179,0.032319374
Test_821,0.056061726,0.029766878,0.016221236,0.8979502
Test_822,0.51296604,0.25967804,0.18020502,0.047150936
Test_823,0.90233105,0.028336912,0.029160488,0.040171564
Test_824,0.66276443,0.1792227,0.08770647,0.070306435
Test_825,0.04730647,0.39915556,0.4691289,0.08440914
Test_826,0.034566414,0.04958439,0.89637023,0.019478958
Test_827,0.37729803,0.3029288,0.19471793,0.12505522
Test_828,0.033629343,0.18972754,0.74475646,0.031886686
Test_829,0.014470182,0.022578623,0.012019658,0.95093155
Test_830,0.05864079,0.108652435,0.8107668,0.021939976
Test_831,0.020616634,0.038083527,0.91853654,0.022763189
Test_832,0.93385327,0.018462691,0.02898416,0.018699903
Test_833,0.036084957,0.15917662,0.7719701,0.0327683
Test_834,0.046943445,0.28711024,0.62865734,0.03728897
Test_835,0.04384646,0.07352074,0.8471262,0.035506584
Test_836,0.29671416,0.43879905,0.15791678,0.10657002
Test_837,0.2939147,0.045533728,0.020493185,0.6400584
Test_838,0.23355123,0.06516546,0.023856968,0.6774263
Test_839,0.030638894,0.07070609,0.8760327,0.022622252
Test_840,0.03596393,0.0480529,0.89499444,0.020988766
Test_841,0.027587563,0.028557008,0.0133056445,0.9305498
Test_842,0.924455,0.022218624,0.026915375,0.02641106
Test_843,0.032472946,0.103653096,0.836294,0.027579999
Test_844,0.4047435,0.11625673,0.035782408,0.44321737
Test_845,0.020678138,0.078578666,0.87472713,0.026016066
Test_846,0.6512109,0.04825304,0.036198903,0.26433718
Test_847,0.16713081,0.2618279,0.5300033,0.041037977
Test_848,0.09006942,0.19546124,0.69003475,0.024434563
Test_849,0.31812832,0.07986905,0.035202306,0.56680036
Test_850,0.039928358,0.06844136,0.85529184,0.036338452
Test_851,0.088940315,0.030137312,0.016417226,0.8645051
Test_852,0.06942034,0.06798373,0.8423681,0.020227803
Test_853,0.03834077,0.13469405,0.79663837,0.030326825
Test_854,0.031235477,0.02649441,0.01358181,0.9286882
Test_855,0.07621107,0.05326715,0.021867106,0.84865475
Test_856,0.93466127,0.01879401,0.027463052,0.019081619
Test_857,0.025939966,0.047531433,0.90706986,0.019458681
Test_858,0.02481007,0.07824012,0.8717456,0.02520426
Test_859,0.06730206,0.36505166,0.06667105,0.50097525
Test_860,0.9381031,0.016715031,0.027900243,0.017281588
Test_861,0.03346396,0.14586738,0.7925398,0.028128872
Test_862,0.08312358,0.2186431,0.63913167,0.05910164
Test_863,0.1753037,0.1990095,0.045146983,0.5805398
Test_864,0.12667179,0.37665614,0.45012236,0.046549715
Test_865,0.035917014,0.09481175,0.84269696,0.02657432
Test_866,0.05386591,0.46080774,0.3793739,0.10595244
Test_867,0.11592741,0.60233,0.13279206,0.14895052
Test_868,0.03917334,0.19199339,0.73540133,0.03343197
Test_869,0.06072148,0.32555023,0.28082082,0.3329075
Test_870,0.037462465,0.1009995,0.020968761,0.8405693
Test_871,0.13471875,0.033155642,0.016620968,0.81550467
Test_872,0.1981913,0.123111784,0.02872797,0.649969
Test_873,0.15739521,0.031276338,0.019159792,0.7921686
Test_874,0.06866096,0.05748866,0.01986752,0.8539828
Test_875,0.03603458,0.04188947,0.018253956,0.90382206
Test_876,0.05020514,0.15082303,0.049209356,0.74976254
Test_877,0.9303301,0.02148831,0.025646666,0.02253491
Test_878,0.9261999,0.020779245,0.030969318,0.022051591
Test_879,0.124399744,0.41194806,0.40749717,0.056155026
Test_880,0.027063152,0.04875336,0.89222443,0.03195905
Test_881,0.0941068,0.27490434,0.597171,0.033817887
Test_882,0.04356577,0.56587905,0.10392779,0.28662738
Test_883,0.06890194,0.044222943,0.018979426,0.8678958
Test_884,0.3626346,0.4061644,0.13115193,0.10004912
Test_885,0.7795836,0.06483251,0.12904987,0.026534086
Test_886,0.91400594,0.027185217,0.03460713,0.0242016
Test_887,0.2724729,0.3730453,0.3151721,0.039309718
Test_888,0.07857794,0.12152193,0.77449095,0.025409186
Test_889,0.03842125,0.07951803,0.85073537,0.031325407
Test_890,0.052490372,0.07368354,0.85561645,0.018209599
Test_891,0.06323064,0.03063232,0.015005316,0.8911317
Test_892,0.06134364,0.110709764,0.795833,0.032113563
Test_893,0.063657954,0.7361142,0.11767526,0.082552545
Test_894,0.031172026,0.057605963,0.021638196,0.8895839
Test_895,0.9265224,0.02026207,0.028494265,0.024721285
Test_896,0.17114504,0.06527977,0.02111986,0.74245536
Test_897,0.8553605,0.05081573,0.054033983,0.03978978
Test_898,0.25757498,0.07677177,0.030012768,0.6356405
Test_899,0.0355539,0.058991462,0.88022244,0.02523219
Test_900,0.05738358,0.03208836,0.016988423,0.8935396
Test_901,0.5009222,0.21211278,0.12812291,0.15884203
Test_902,0.91325855,0.025652196,0.034942366,0.026146855
Test_903,0.02445734,0.054916225,0.89637375,0.024252644
Test_904,0.92828524,0.020941392,0.029223517,0.02154995
Test_905,0.019184818,0.5133588,0.3460061,0.12145026
Test_906,0.44770414,0.2048836,0.14139587,0.20601635
Test_907,0.17677669,0.042700846,0.019348886,0.76117355
Test_908,0.1387488,0.03540477,0.020642567,0.8052038
Test_909,0.9262661,0.019829009,0.03244946,0.021455422
Test_910,0.029340316,0.2780432,0.65562534,0.036991157
Test_911,0.047510862,0.07072382,0.022860114,0.8589052
Test_912,0.018760238,0.38105252,0.5567335,0.043453787
Test_913,0.032071695,0.04005208,0.9079445,0.019931734
Test_914,0.030470919,0.028718729,0.015065804,0.92574453
Test_915,0.40742722,0.2669583,0.17045511,0.1551594
Test_916,0.1601936,0.09569865,0.030604418,0.7135033
Test_917,0.06940446,0.18730101,0.71222246,0.031072106
Test_918,0.046280596,0.115544595,0.80984485,0.028329924
Test_919,0.15895799,0.050813716,0.020400643,0.7698277
Test_920,0.02824587,0.09603187,0.8472897,0.028432682
Test_921,0.039586253,0.43514767,0.06864905,0.45661706
Test_922,0.9113673,0.024531592,0.037771326,0.026329776
Test_923,0.21230204,0.18074928,0.56122345,0.045725223
Test_924,0.10222892,0.050190963,0.023026017,0.8245541
Test_925,0.9381765,0.017330952,0.027547574,0.016944876
Test_926,0.041541822,0.04883709,0.884655,0.02496608
Test_927,0.9128976,0.025838912,0.037219804,0.024043692
Test_928,0.17319363,0.1973525,0.5973821,0.03207179
Test_929,0.10454965,0.052282996,0.02030404,0.8228634
Test_930,0.07307482,0.58714396,0.24102776,0.09875348
Test_931,0.93739474,0.017712548,0.026407396,0.018485302
Test_932,0.04065306,0.5298975,0.08273928,0.3467102
Test_933,0.9288944,0.02093645,0.02580139,0.024367686
Test_934,0.10707478,0.21342269,0.6216799,0.057822615
Test_935,0.024884641,0.3561895,0.4888332,0.1300927
Test_936,0.12364187,0.028064866,0.01678333,0.8315099
Test_937,0.060625385,0.046822567,0.87820625,0.014345787
Test_938,0.400603,0.06352474,0.028515637,0.50735664
Test_939,0.9111245,0.02372423,0.031821214,0.033330105
Test_940,0.052567102,0.051846556,0.019729558,0.87585676
Test_941,0.19299601,0.035059754,0.017917488,0.7540268
Test_942,0.10768451,0.10286796,0.02933681,0.76011074
Test_943,0.03755491,0.06436505,0.86500186,0.033078164
Test_944,0.046705298,0.15251154,0.7397578,0.06102539
Test_945,0.82813215,0.033153176,0.035090413,0.10362421
Test_946,0.03435731,0.28227535,0.62385166,0.059515715
Test_947,0.08277864,0.04323983,0.019622026,0.85435945
Test_948,0.8680088,0.047393482,0.040674303,0.0439234
Test_949,0.91639984,0.028878424,0.03233967,0.022382012
Test_950,0.021924164,0.049872935,0.021447629,0.90675527
Test_951,0.031123644,0.18845348,0.74590373,0.034519143
Test_952,0.024528006,0.040446855,0.018986637,0.9160384
Test_953,0.17655559,0.023923282,0.017009387,0.7825118
Test_954,0.92125475,0.02120382,0.028842598,0.028698856
Test_955,0.91390693,0.025351798,0.028689733,0.03205155
Test_956,0.07330282,0.04554085,0.02037858,0.86077774
Test_957,0.14788409,0.110874966,0.025930509,0.71531045
Test_958,0.022059608,0.11806822,0.036437213,0.82343495
Test_959,0.24699095,0.20795083,0.5104105,0.034647714
Test_960,0.027602315,0.046126448,0.90635985,0.019911392
Test_961,0.18274437,0.0952544,0.02977628,0.6922249
Test_962,0.28385222,0.16974513,0.51573676,0.03066588
Test_963,0.8081031,0.05050694,0.034470897,0.106919095
Test_964,0.038659696,0.3006268,0.61800236,0.04271118
Test_965,0.9170933,0.023185201,0.033321448,0.026400024
Test_966,0.049478535,0.4525423,0.066809006,0.43117017
Test_967,0.058364235,0.053875796,0.8698629,0.017897066
Test_968,0.045882653,0.14391086,0.7763454,0.03386114
Test_969,0.030453037,0.05981616,0.87878114,0.030949634
Test_970,0.87919027,0.02592495,0.030708686,0.06417609
Test_971,0.19639246,0.021635013,0.015714817,0.76625776
Test_972,0.025215214,0.074191086,0.87849265,0.02210104
Test_973,0.0286575,0.6402894,0.26521453,0.06583852
Test_974,0.2086252,0.05516969,0.02633872,0.7098664
Test_975,0.82390213,0.04789496,0.03461789,0.09358499
Test_976,0.03578692,0.15786324,0.77767,0.028679812
Test_977,0.027094204,0.037308123,0.01730916,0.9182885
Test_978,0.032435454,0.057446133,0.88332474,0.026793653
Test_979,0.90552837,0.023590103,0.03124721,0.03963428
Test_980,0.12426098,0.1328406,0.04287181,0.70002663
Test_981,0.0722609,0.03157452,0.015228013,0.8809365
Test_982,0.68522114,0.029911224,0.02912189,0.25574574
Test_983,0.03319695,0.52069676,0.32521698,0.120889306
Test_984,0.02320594,0.035319548,0.017139593,0.9243349
Test_985,0.04107346,0.3882252,0.07645719,0.4942442
Test_986,0.098468125,0.058755852,0.023829717,0.81894636
Test_987,0.11387175,0.70494497,0.13004573,0.05113762
Test_988,0.8910472,0.034088463,0.02686904,0.04799529
Test_989,0.93388665,0.016438374,0.030528331,0.019146621
Test_990,0.06504522,0.65923005,0.13193692,0.14378783
Test_991,0.025266701,0.57357824,0.08660893,0.31454608
Test_992,0.15972272,0.056472324,0.02095812,0.7628468
Test_993,0.054285467,0.61172825,0.053427864,0.2805584
Test_994,0.5879552,0.19660619,0.051096816,0.16434178
Test_995,0.08147193,0.23997442,0.6333529,0.045200825
Test_996,0.04926967,0.13714436,0.7872659,0.02632004
Test_997,0.13725439,0.17304935,0.05259636,0.63709986
Test_998,0.040371194,0.06946582,0.86632174,0.023841258
Test_999,0.027485248,0.033613823,0.9204768,0.01842409
Test_1000,0.174458,0.3934706,0.33867973,0.09339172
Test_1001,0.115502894,0.08291993,0.028173283,0.77340394
Test_1002,0.03259966,0.044857357,0.8990307,0.023512278
Test_1003,0.12660608,0.04504055,0.020686826,0.8076665
Test_1004,0.17903112,0.028294766,0.015459456,0.77721465
Test_1005,0.9346973,0.019589445,0.024035964,0.021677332
Test_1006,0.036757205,0.3892333,0.52086675,0.05314265
Test_1007,0.1405205,0.063190944,0.032254193,0.7640344
Test_1008,0.8962744,0.034696966,0.03277298,0.036255583
Test_1009,0.11294518,0.4423917,0.1647157,0.27994746
Test_1010,0.13780639,0.37573442,0.43776432,0.048694897
Test_1011,0.025287345,0.03908778,0.9136621,0.021962784
Test_1012,0.122157335,0.033345353,0.016387595,0.8281096
Test_1013,0.041272894,0.05410404,0.8738653,0.030757736
Test_1014,0.07245893,0.108923495,0.79369074,0.02492686
Test_1015,0.47056222,0.07416266,0.039873824,0.41540137
Test_1016,0.18333204,0.092507996,0.6900183,0.034141608
Test_1017,0.08731807,0.083884254,0.80575895,0.023038711
Test_1018,0.06442462,0.040102255,0.019448025,0.8760251
Test_1019,0.14420411,0.29065698,0.51398516,0.051153768
Test_1020,0.08095994,0.14082627,0.7472353,0.030978475
Test_1021,0.29515034,0.26329467,0.38574585,0.055809133
Test_1022,0.06482083,0.13483433,0.7697942,0.030550634
Test_1023,0.8867593,0.032524034,0.047904372,0.03281232
Test_1024,0.9267334,0.020961417,0.026094342,0.02621085
Test_1025,0.03841738,0.086541794,0.022594064,0.85244673
Test_1026,0.7795287,0.056971766,0.046057776,0.117441796
Test_1027,0.09581088,0.0361555,0.020418085,0.84761554
Test_1028,0.82715595,0.0361332,0.028763454,0.107947394
Test_1029,0.9339485,0.020198084,0.026886052,0.018967375
Test_1030,0.71476704,0.048541736,0.21176633,0.02492485
Test_1031,0.09093798,0.027190149,0.016547546,0.8653243
Test_1032,0.16276114,0.03401035,0.017450172,0.78577834
Test_1033,0.020501744,0.06367423,0.8796991,0.03612483
Test_1034,0.05361896,0.23964731,0.6788932,0.027840495
Test_1035,0.6036819,0.21419135,0.10690965,0.075217105
Test_1036,0.92140055,0.022526456,0.027726894,0.028346088
Test_1037,0.13564694,0.15748283,0.6756059,0.031264372
Test_1038,0.08206354,0.039258756,0.020024614,0.85865307
Test_1039,0.12493193,0.03458354,0.019407865,0.8210767
Test_1040,0.44462895,0.09616406,0.042325787,0.41688123
Test_1041,0.04082658,0.15481506,0.7682805,0.036077887
Test_1042,0.038953356,0.10381832,0.8368269,0.020401431
Test_1043,0.039725237,0.1387415,0.8023092,0.0192241
Test_1044,0.045765422,0.14988188,0.10673412,0.6976186
Test_1045,0.12382072,0.1410066,0.69823474,0.0369379
Test_1046,0.7648345,0.08418487,0.03712901,0.11385156
Test_1047,0.91903895,0.022411143,0.03082113,0.027728751
Test_1048,0.026264068,0.033140875,0.016234374,0.92436063
Test_1049,0.06601241,0.03377658,0.015259926,0.884951
Test_1050,0.044361442,0.059424795,0.87001735,0.02619646
Test_1051,0.07318084,0.058107533,0.029435337,0.8392763
Test_1052,0.05219571,0.062175125,0.025359139,0.86027014
Test_1053,0.020700073,0.06923519,0.88210374,0.027960982
Test_1054,0.93814725,0.016595576,0.028651884,0.01660524
Test_1055,0.04741668,0.073318645,0.025522482,0.8537421
Test_1056,0.029959774,0.29869458,0.63423616,0.037109546
Test_1057,0.035073645,0.03220764,0.015197612,0.9175211
Test_1058,0.8408688,0.051484577,0.04755371,0.060092986
Test_1059,0.21309261,0.05401101,0.021593574,0.7113029
Test_1060,0.033963166,0.04837816,0.016356425,0.9013022
Test_1061,0.7057598,0.043903943,0.03176249,0.21857376
Test_1062,0.8973794,0.024991529,0.031250156,0.046378978
Test_1063,0.027234938,0.18695232,0.7473707,0.038441963
Test_1064,0.15118451,0.08323991,0.028171953,0.7374036
Test_1065,0.6515922,0.05787488,0.03825431,0.25227866
Test_1066,0.030012613,0.040763963,0.015889896,0.91333354
Test_1067,0.037755843,0.32373857,0.13011077,0.5083948
Test_1068,0.04031936,0.048674118,0.019178111,0.89182836
Test_1069,0.18216419,0.082851335,0.70288885,0.03209559
Test_1070,0.770197,0.07689096,0.1204135,0.03249854
Test_1071,0.24938154,0.42169222,0.27534145,0.053584773
Test_1072,0.022186132,0.038248874,0.018148009,0.92141706
Test_1073,0.024497237,0.0315786,0.014216414,0.9297077
Test_1074,0.08587276,0.09409182,0.7934202,0.026615182
Test_1075,0.026271503,0.18121947,0.7621001,0.030408889
Test_1076,0.23292992,0.182233,0.0473164,0.53752065
Test_1077,0.91458833,0.023939708,0.027644578,0.033827394
Test_1078,0.05208548,0.05502529,0.8735205,0.019368816
Test_1079,0.024660468,0.08819741,0.85987186,0.027270276
Test_1080,0.17201418,0.5024154,0.09915655,0.22641392
Test_1081,0.022614513,0.4039568,0.47369185,0.09973683
Test_1082,0.057132505,0.037770495,0.017168704,0.8879283
Test_1083,0.93784606,0.017182587,0.027019117,0.017952304
Test_1084,0.09947772,0.28266117,0.56746626,0.050394844
Test_1085,0.017318042,0.027944576,0.014519307,0.9402181
Test_1086,0.051268905,0.15522589,0.76720273,0.026302433
Test_1087,0.023263946,0.3772752,0.050995342,0.54846555
Test_1088,0.035495523,0.07302149,0.8695226,0.02196047
Test_1089,0.037852865,0.048362207,0.01913024,0.89465463
Test_1090,0.87396157,0.030729543,0.03197577,0.063333124
Test_1091,0.9265116,0.020961527,0.027486855,0.025040084
Test_1092,0.90282595,0.028056439,0.035665415,0.033452164
Test_1093,0.17776324,0.09668897,0.025621697,0.6999261
Test_1094,0.8852892,0.031011397,0.034256827,0.04944264
Test_1095,0.021674594,0.027567025,0.013720058,0.9370383
Test_1096,0.049121257,0.045513913,0.020444302,0.8849205
Test_1097,0.8941487,0.030260447,0.028634727,0.04695613
Test_1098,0.2173254,0.048484396,0.020470727,0.7137195
Test_1099,0.18806617,0.38141888,0.05326285,0.37725207
Test_1100,0.044557653,0.54804534,0.19206075,0.21533617
Test_1101,0.9253634,0.022221422,0.030844644,0.021570532
Test_1102,0.026984423,0.060745724,0.8903991,0.02187077
Test_1103,0.13799164,0.12972152,0.027075505,0.70521134
Test_1104,0.20133515,0.33076942,0.06265146,0.40524396
Test_1105,0.094149984,0.041609906,0.021211158,0.8430289
Test_1106,0.93560684,0.01581499,0.032714777,0.015863374
Test_1107,0.31843975,0.4126672,0.1450721,0.12382092
Test_1108,0.920018,0.02451608,0.029905682,0.025560226
Test_1109,0.82271373,0.07792646,0.05126099,0.048098873
Test_1110,0.05379378,0.2296925,0.6821757,0.034338057
Test_1111,0.02501681,0.045805693,0.9081165,0.021060918
Test_1112,0.93452895,0.017923964,0.029552743,0.017994363
Test_1113,0.03983461,0.068498865,0.8724578,0.01920868
Test_1114,0.03758933,0.03584624,0.906851,0.019713352
Test_1115,0.050986804,0.21746746,0.6938526,0.037693102
Test_1116,0.04561759,0.18351373,0.7304462,0.040422402
Test_1117,0.9004971,0.027595092,0.03798365,0.033924267
Test_1118,0.05038979,0.082991906,0.8401996,0.026418746
Test_1119,0.024700876,0.03516121,0.01623656,0.9239014
Test_1120,0.020730412,0.48738608,0.41420275,0.07768074
Test_1121,0.016737852,0.2741483,0.6375589,0.07155498
Test_1122,0.10973208,0.040250476,0.02155144,0.82846594
Test_1123,0.93498194,0.018206373,0.02813143,0.018680278
Test_1124,0.026136598,0.10674874,0.8347702,0.03234453
Test_1125,0.11304158,0.14512993,0.032755274,0.7090732
Test_1126,0.91034985,0.02726444,0.03483365,0.027552133
Test_1127,0.056334175,0.06127987,0.024615401,0.85777056
Test_1128,0.08381924,0.09343983,0.78954065,0.03320028
Test_1129,0.01976599,0.033326548,0.92018616,0.026721308
Test_1130,0.031849634,0.042588048,0.01934216,0.90622014
Test_1131,0.92635363,0.021254737,0.027560372,0.024831269
Test_1132,0.1364493,0.49158344,0.07581501,0.2961523
Test_1133,0.15312849,0.29959902,0.4490754,0.098197
Test_1134,0.11164989,0.34331495,0.4338178,0.11121736
Test_1135,0.9425254,0.015775982,0.025391672,0.01630692
Test_1136,0.0539936,0.030073827,0.016473856,0.8994587
Test_1137,0.16290751,0.046448488,0.020214118,0.7704298
Test_1138,0.142858,0.05981963,0.02488163,0.77244073
Test_1139,0.1671449,0.33319676,0.3089327,0.19072571
Test_1140,0.85033625,0.049907178,0.0609532,0.038803406
Test_1141,0.18232189,0.024877485,0.015720608,0.77708006
Test_1142,0.027401883,0.23914441,0.69935316,0.03410048
Test_1143,0.09114788,0.41362867,0.39515308,0.10007036
Test_1144,0.058715682,0.06489299,0.84645575,0.029935617
Test_1145,0.2712728,0.12223568,0.027877282,0.57861423
Test_1146,0.032685034,0.06479768,0.8602195,0.04229778
Test_1147,0.16395149,0.026312392,0.017027177,0.792709
Test_1148,0.2883405,0.24926496,0.41827416,0.04412044
Test_1149,0.37692866,0.36786383,0.10573872,0.14946881
Test_1150,0.2973656,0.05707132,0.03121433,0.6143487
Test_1151,0.9269498,0.02250403,0.026823044,0.0237231
Test_1152,0.94002455,0.015422955,0.02942272,0.015129754
Test_1153,0.18825528,0.02983765,0.015909594,0.7659975
Test_1154,0.07114845,0.2234709,0.6641261,0.04125453
Test_1155,0.020342883,0.047158875,0.90745753,0.025040632
Test_1156,0.18344286,0.039106525,0.020118847,0.7573317
Test_1157,0.023307249,0.075360276,0.024795879,0.87653655
Test_1158,0.15062809,0.32179624,0.0633878,0.46418792
Test_1159,0.048144437,0.0667654,0.8586175,0.026472682
Test_1160,0.9115802,0.023978999,0.034819115,0.029621726
Test_1161,0.025690686,0.26922634,0.6168922,0.08819072
Test_1162,0.08445709,0.03783204,0.019072905,0.858638
Test_1163,0.9354302,0.016306777,0.029710498,0.018552516
Test_1164,0.17890781,0.043029584,0.74586976,0.03219287
Test_1165,0.043676503,0.47241944,0.43190727,0.05199676
Test_1166,0.48305544,0.20118074,0.051958434,0.26380533
Test_1167,0.02276747,0.2309835,0.7059531,0.040295936
Test_1168,0.022046942,0.039151385,0.9190947,0.019707048
Test_1169,0.06584283,0.032449335,0.01655275,0.885155
Test_1170,0.15498623,0.4908771,0.21793917,0.13619749
Test_1171,0.03103525,0.16585398,0.024426656,0.77868414
Test_1172,0.9181423,0.024652954,0.024058694,0.033146046
Test_1173,0.02660725,0.040326986,0.017210636,0.9158551
Test_1174,0.18987626,0.030244177,0.018693976,0.7611856
Test_1175,0.025475409,0.07058467,0.8779963,0.025943547
Test_1176,0.03255534,0.0576983,0.020872802,0.8888736
Test_1177,0.91658956,0.026210392,0.031506862,0.025693154
Test_1178,0.93427,0.019875621,0.024146903,0.021707475
Test_1179,0.03077427,0.082005836,0.86064184,0.02657791
Test_1180,0.8358525,0.059548236,0.04122507,0.063374184
Test_1181,0.021565173,0.26055256,0.6553452,0.06253709
Test_1182,0.73732406,0.05046159,0.03037623,0.18183812
Test_1183,0.037740413,0.07845457,0.022797823,0.8610072
Test_1184,0.017863898,0.039644405,0.9193169,0.023174806
Test_1185,0.14327101,0.39507896,0.36038074,0.10126928
Test_1186,0.04462,0.44362527,0.4170727,0.09468199
Test_1187,0.16598366,0.026144499,0.01739468,0.79047716
Test_1188,0.18817338,0.07664652,0.026639562,0.70854056
Test_1189,0.023602283,0.37821168,0.06301272,0.53517336
Test_1190,0.024301227,0.10583758,0.83976346,0.030097773
Test_1191,0.054685343,0.037724823,0.014673153,0.8929167
Test_1192,0.035093565,0.036849983,0.9057916,0.022264903
Test_1193,0.02643479,0.5141181,0.24855277,0.21089438
Test_1194,0.93575066,0.01945503,0.026237577,0.018556794
Test_1195,0.93751323,0.01834397,0.02727263,0.016870141
Test_1196,0.020953998,0.044659216,0.018010695,0.9163761
Test_1197,0.06618261,0.03427833,0.01795156,0.8815875
Test_1198,0.034205344,0.09011205,0.8486315,0.027051112
Test_1199,0.021795992,0.049280338,0.90305394,0.025869647
Test_1200,0.06136942,0.40612888,0.4086276,0.12387405
Test_1201,0.06439486,0.16595934,0.034913648,0.73473203
Test_1202,0.62168247,0.04732429,0.029334519,0.30165878
Test_1203,0.90489066,0.02533023,0.031215698,0.038563445
Test_1204,0.022196513,0.6470833,0.08100902,0.24971123
Test_1205,0.027670627,0.08022703,0.8694943,0.022608016
Test_1206,0.12953432,0.073986396,0.77216977,0.02430949
Test_1207,0.037288107,0.039202288,0.01719789,0.9063117
Test_1208,0.09654336,0.043979086,0.021016696,0.8384608
Test_1209,0.02467148,0.113283254,0.83583546,0.026209835
Test_1210,0.036605887,0.02791527,0.0146452915,0.9208336
Test_1211,0.03631359,0.058638155,0.021367323,0.88368094
Test_1212,0.20706931,0.16064589,0.027518487,0.60476637
Test_1213,0.19525231,0.02289161,0.014201403,0.7676547
Test_1214,0.035881944,0.038204897,0.01735956,0.9085535
Test_1215,0.0810335,0.03827126,0.01841541,0.8622799
Test_1216,0.028149161,0.09975598,0.843046,0.029048841
Test_1217,0.13604893,0.26004958,0.33819315,0.2657083
Test_1218,0.023324613,0.02745672,0.014038342,0.9351803
Test_1219,0.058086716,0.15217492,0.75885123,0.030887108
Test_1220,0.15852876,0.052859712,0.021489784,0.7671217
Test_1221,0.9135667,0.025863921,0.03976621,0.02080321
Test_1222,0.04946626,0.51644194,0.38994226,0.044149596
Test_1223,0.9219909,0.023638684,0.022381347,0.031989165
Test_1224,0.01893786,0.53685147,0.31060398,0.13360676
Test_1225,0.053221397,0.1379023,0.7739539,0.03492232
Test_1226,0.060584597,0.0765311,0.84070694,0.022177376
Test_1227,0.18139341,0.31643972,0.43443984,0.06772699
Test_1228,0.08053362,0.3277164,0.5521974,0.039552536
Test_1229,0.92499447,0.02151176,0.026694661,0.026799148
Test_1230,0.033452913,0.033009775,0.92037976,0.013157532
Test_1231,0.9311172,0.019321429,0.028318543,0.021242864
Test_1232,0.9250988,0.021528063,0.026884545,0.026488569
Test_1233,0.020658555,0.29139715,0.6317837,0.05616062
Test_1234,0.029820269,0.06254588,0.88532096,0.02231292
Test_1235,0.92951286,0.02009611,0.02766504,0.022726001
Test_1236,0.16099298,0.047397885,0.02176867,0.7698404
Test_1237,0.0215871,0.5546854,0.3175937,0.106133796
Test_1238,0.029138442,0.1476332,0.78600484,0.03722355
Test_1239,0.18201473,0.029507617,0.01613573,0.7723419
Test_1240,0.11435729,0.4411127,0.3834743,0.06105568
Test_1241,0.45968452,0.032550868,0.025680706,0.48208395
Test_1242,0.057471585,0.047999144,0.019626796,0.8749024
Test_1243,0.027407352,0.52832115,0.374237,0.0700345
Test_1244,0.07237413,0.041598935,0.01597177,0.8700551
Test_1245,0.10473065,0.03913975,0.021652715,0.8344768
Test_1246,0.14437488,0.19291717,0.04140355,0.6213044
Test_1247,0.03436178,0.05373423,0.8775697,0.034334242
Test_1248,0.043887027,0.42199278,0.46328765,0.07083257
Test_1249,0.02168421,0.37350878,0.5436913,0.06111574
Test_1250,0.15765288,0.12943134,0.03558389,0.67733186
Test_1251,0.19462831,0.025844058,0.015674368,0.76385325
Test_1252,0.024279978,0.06646238,0.88528234,0.023975346
Test_1253,0.04449781,0.031201458,0.01534234,0.90895844
Test_1254,0.9310812,0.02011086,0.026332777,0.022475176
Test_1255,0.21903923,0.11327492,0.032644756,0.6350411
Test_1256,0.03909838,0.4847456,0.44193023,0.034225754
Test_1257,0.0824346,0.03049823,0.017048553,0.8700186
Test_1258,0.9024475,0.030061403,0.026612122,0.040879015
Test_1259,0.9417542,0.0152583625,0.027252149,0.015735192
Test_1260,0.31891418,0.05333478,0.028540263,0.5992108
Test_1261,0.020823171,0.048429526,0.9053751,0.025372148
Test_1262,0.65850735,0.20449571,0.07533263,0.061664313
Test_1263,0.02841686,0.0692219,0.8787991,0.0235622
Test_1264,0.20943078,0.037692897,0.018433457,0.73444283
Test_1265,0.7223724,0.045964934,0.027894724,0.20376797
Test_1266,0.0605011,0.045448698,0.8780038,0.016046384
Test_1267,0.12458855,0.037245557,0.01702666,0.8211392
Test_1268,0.10984416,0.21994133,0.5876768,0.08253762
Test_1269,0.028273135,0.3569087,0.5621812,0.052636992
Test_1270,0.02012015,0.46100873,0.46719256,0.051678576
Test_1271,0.17744705,0.033127688,0.018666862,0.7707584
Test_1272,0.18865703,0.07699909,0.712284,0.022059847
Test_1273,0.9331821,0.019535253,0.02653816,0.020744363
Test_1274,0.38240716,0.06786999,0.031425,0.51829785
Test_1275,0.11491121,0.35847098,0.44818655,0.07843121
Test_1276,0.04657971,0.04130829,0.020263944,0.8918481
Test_1277,0.03157599,0.09953793,0.8357606,0.033125468
Test_1278,0.48278943,0.04958789,0.02674686,0.44087583
Test_1279,0.023079887,0.033489794,0.013546159,0.92988425
Test_1280,0.06817162,0.37506706,0.51189697,0.04486431
Test_1281,0.016591076,0.71859235,0.10151918,0.16329738
Test_1282,0.8880377,0.037730806,0.04178557,0.03244602
Test_1283,0.05687482,0.4044136,0.46043605,0.078275554
Test_1284,0.69721776,0.15363869,0.10608035,0.043063182
Test_1285,0.9231717,0.024909917,0.026867222,0.025051152
Test_1286,0.90433234,0.028486777,0.034508064,0.03267284
Test_1287,0.9232707,0.020792037,0.033711962,0.022225305
Test_1288,0.93636686,0.016771356,0.029241454,0.01762035
Test_1289,0.33058852,0.035300665,0.021991506,0.6121194
Test_1290,0.06735928,0.12185155,0.03233825,0.77845097
Test_1291,0.028324466,0.06382286,0.02114673,0.886706
Test_1292,0.09991376,0.17192833,0.69988364,0.028274264
Test_1293,0.018578328,0.5878598,0.09733187,0.29622996
Test_1294,0.48794857,0.07004579,0.031041518,0.41096416
Test_1295,0.04464587,0.11262009,0.80829173,0.034442365
Test_1296,0.9389537,0.015295647,0.030008039,0.01574268
Test_1297,0.039212503,0.21297257,0.025445735,0.72236925
Test_1298,0.038421385,0.0868562,0.85034454,0.024377827
Test_1299,0.033470478,0.20219278,0.7288966,0.03544011
Test_1300,0.06923808,0.25949293,0.62344855,0.047820456
Test_1301,0.016619012,0.53837365,0.3395958,0.105411544
Test_1302,0.025517577,0.036378913,0.017798161,0.92030543
Test_1303,0.056460124,0.062641755,0.8599757,0.020922389
Test_1304,0.024566283,0.14786467,0.7954774,0.032091655
Test_1305,0.10279199,0.06251142,0.8128875,0.021809129
Test_1306,0.123094104,0.04139777,0.02098029,0.8145278
Test_1307,0.035063885,0.054285754,0.87710154,0.033548836
Test_1308,0.08436778,0.04449271,0.020772714,0.8503668
Test_1309,0.47587928,0.16847235,0.32117882,0.034469515
Test_1310,0.02359804,0.4475306,0.04864464,0.48022676
Test_1311,0.9249986,0.02117059,0.03262504,0.02120581
Test_1312,0.18605147,0.5855464,0.09360595,0.13479623
Test_1313,0.1490415,0.106633306,0.70517254,0.039152693
Test_1314,0.0607059,0.39435834,0.49849558,0.046440095
Test_1315,0.9365055,0.01625042,0.030089308,0.017154757
Test_1316,0.8974702,0.0281501,0.021774698,0.052604914
Test_1317,0.06027969,0.19297093,0.047079585,0.6996698
Test_1318,0.21355183,0.08713875,0.030508827,0.6688006
Test_1319,0.08867304,0.10049007,0.75422543,0.05661146
Test_1320,0.24062295,0.04257605,0.01833247,0.6984685
Test_1321,0.040673453,0.5743809,0.2519314,0.1330142
Test_1322,0.9384658,0.015240476,0.03045258,0.01584116
Test_1323,0.046744417,0.082870685,0.8393513,0.031033685
Test_1324,0.9304824,0.020764444,0.027775973,0.020977337
Test_1325,0.029937586,0.03272999,0.016136713,0.9211957
Test_1326,0.14835566,0.05330075,0.022820156,0.77552336
Test_1327,0.012958588,0.16543633,0.7333543,0.0882508
Test_1328,0.069208704,0.06874115,0.024363445,0.8376867
Test_1329,0.19501989,0.14367922,0.6184296,0.042871304
Test_1330,0.9164443,0.024007961,0.026743572,0.032804184
Test_1331,0.02489026,0.060270548,0.8853763,0.029462928
Test_1332,0.12472203,0.034362484,0.018614085,0.8223014
Test_1333,0.5071134,0.2601323,0.042182393,0.19057186
Test_1334,0.03133503,0.033992276,0.016328974,0.9183437
Test_1335,0.03442869,0.056429815,0.88050014,0.028641384
Test_1336,0.02619927,0.18911597,0.74284613,0.04183861
Test_1337,0.24616596,0.29309395,0.42359334,0.037146755
Test_1338,0.02642771,0.034082398,0.91033494,0.029154947
Test_1339,0.46693593,0.32310468,0.08666804,0.12329133
Test_1340,0.13550873,0.17639823,0.024065446,0.66402763
Test_1341,0.051801372,0.042057756,0.89090663,0.015234239
Test_1342,0.05381023,0.22722837,0.68248767,0.036473755
Test_1343,0.19318876,0.029809916,0.01877229,0.758229
Test_1344,0.090175174,0.06493049,0.82934886,0.015545428
Test_1345,0.13678779,0.45301145,0.16807458,0.24212623
Test_1346,0.20048884,0.2262167,0.074348964,0.49894553
Test_1347,0.066244885,0.031873427,0.017271753,0.8846099
Test_1348,0.030065272,0.6706846,0.051706962,0.24754319
Test_1349,0.019727983,0.4775397,0.37628108,0.12645127
Test_1350,0.93714494,0.01839887,0.027552426,0.016903792
Test_1351,0.49888816,0.18931188,0.14851682,0.16328315
Test_1352,0.036123782,0.1685924,0.77047986,0.024803944
Test_1353,0.11305116,0.0660615,0.804616,0.016271409
Test_1354,0.7453945,0.041588437,0.18949635,0.023520729
Test_1355,0.9391016,0.017235179,0.025958812,0.017704394
Test_1356,0.023627434,0.027274948,0.014642602,0.93445504
Test_1357,0.026625644,0.10195579,0.8424977,0.028920835
Test_1358,0.19078311,0.048092257,0.022195527,0.73892915
Test_1359,0.29396373,0.22795722,0.34234613,0.13573286
Test_1360,0.16319582,0.10710473,0.70501316,0.024686266
Test_1361,0.03041028,0.40978542,0.51387334,0.045930915
Test_1362,0.030195478,0.043663125,0.9050749,0.02106652
Test_1363,0.022813639,0.06908627,0.8871635,0.02093658
Test_1364,0.10382293,0.3191853,0.52227056,0.05472123
Test_1365,0.92573136,0.019735025,0.032078195,0.022455346
Test_1366,0.043896515,0.040494222,0.017128782,0.8984804
Test_1367,0.09439206,0.46646947,0.29154208,0.1475964
Test_1368,0.017249275,0.05198716,0.9049948,0.025768816
Test_1369,0.9233449,0.02179927,0.027047938,0.027807888
Test_1370,0.065133676,0.100170836,0.8082821,0.026413377
Test_1371,0.06657784,0.031544533,0.01704841,0.8848292
Test_1372,0.937184,0.017199302,0.028099442,0.01751728
Test_1373,0.35702312,0.15677378,0.07996331,0.4062397
Test_1374,0.030705849,0.10624858,0.83224356,0.030802075
Test_1375,0.034391984,0.5061633,0.25152808,0.20791666
Test_1376,0.91939247,0.023137081,0.026157815,0.031312592
Test_1377,0.7816858,0.07607695,0.104657486,0.037579764
Test_1378,0.13035181,0.2865429,0.19936568,0.38373956
Test_1379,0.021008318,0.6412055,0.07753502,0.2602511
Test_1380,0.096539035,0.38418323,0.4529833,0.06629448
Test_1381,0.921583,0.024907118,0.03259342,0.02091643
Test_1382,0.026419666,0.10501176,0.8417889,0.026779726
Test_1383,0.05977153,0.030440379,0.016910026,0.89287806
Test_1384,0.0224186,0.03185372,0.016115569,0.92961216
Test_1385,0.03346169,0.06377511,0.019635906,0.8831272
Test_1386,0.07609263,0.3243367,0.5493083,0.05026235
Test_1387,0.08173865,0.13938582,0.054793566,0.7240819
Test_1388,0.030278092,0.035404548,0.9073149,0.027002448
Test_1389,0.06566251,0.23080364,0.61258733,0.09094659
Test_1390,0.05451403,0.06011321,0.86762446,0.017748332
Test_1391,0.015981639,0.044127632,0.9168423,0.023048515
Test_1392,0.032793768,0.4588403,0.47465497,0.03371098
Test_1393,0.18052489,0.3986051,0.28842765,0.13244238
Test_1394,0.26491064,0.13540533,0.047534406,0.55214965
Test_1395,0.035547875,0.62765443,0.26593894,0.07085878
Test_1396,0.031163007,0.42625743,0.42975345,0.112826124
Test_1397,0.023803934,0.10654144,0.8446271,0.025027493
Test_1398,0.051800888,0.09653069,0.82411975,0.027548695
Test_1399,0.056087714,0.27964053,0.60473025,0.059541512
Test_1400,0.13227516,0.038848113,0.017792879,0.8110838
Test_1401,0.022941163,0.027956301,0.013796595,0.9353059
Test_1402,0.9110943,0.024330327,0.031031888,0.033543464
Test_1403,0.03667922,0.15843594,0.7552896,0.049595255
Test_1404,0.051844455,0.22872277,0.67197835,0.047454435
Test_1405,0.023184216,0.09745033,0.8475332,0.031832304
Test_1406,0.022917587,0.042229153,0.9112636,0.02358973
Test_1407,0.029469004,0.21447417,0.044357277,0.7116996
Test_1408,0.9348062,0.018131886,0.028215993,0.018845852
Test_1409,0.04455021,0.09977279,0.026171422,0.82950556
Test_1410,0.025469184,0.18496767,0.74954426,0.040018957
Test_1411,0.02579307,0.030637601,0.015105652,0.92846364
Test_1412,0.19750376,0.0375316,0.017554786,0.7474098
Test_1413,0.032595534,0.0461644,0.017073408,0.9041667
Test_1414,0.27173167,0.31253418,0.35834432,0.057389796
Test_1415,0.1256617,0.087883465,0.026719028,0.75973576
Test_1416,0.9269789,0.019768452,0.032915056,0.020337671
Test_1417,0.11922195,0.13599439,0.03904096,0.7057427
Test_1418,0.37796643,0.13689585,0.050402634,0.434735
Test_1419,0.024653768,0.057807934,0.89283293,0.024705341
Test_1420,0.20153482,0.44436407,0.046845753,0.30725533
Test_1421,0.023255296,0.03878564,0.01730571,0.92065334
Test_1422,0.022189178,0.16264047,0.78108263,0.03408775
Test_1423,0.096310064,0.34942663,0.47931543,0.07494791
Test_1424,0.8219736,0.07247048,0.07948974,0.026066164
Test_1425,0.05704964,0.11943295,0.77928483,0.044232585
Test_1426,0.112944126,0.27929872,0.51050675,0.09725035
Test_1427,0.1556115,0.041500606,0.021118194,0.78176963
Test_1428,0.09602613,0.04015614,0.019098422,0.8447193
Test_1429,0.935135,0.018412119,0.025960218,0.020492679
Test_1430,0.9392769,0.015269819,0.029739058,0.015714267
Test_1431,0.936326,0.01825491,0.025299257,0.02011985
Test_1432,0.06428929,0.089792415,0.8198004,0.026117945
Test_1433,0.18046792,0.38314575,0.35983917,0.07654717
Test_1434,0.03789982,0.044639945,0.9002644,0.017195828
Test_1435,0.02244253,0.024855064,0.013362463,0.93933994
Test_1436,0.055459566,0.60119873,0.26676613,0.076575585
Test_1437,0.046857156,0.10496702,0.8243473,0.023828547
Test_1438,0.042518586,0.08493919,0.8360235,0.036518753
Test_1439,0.7908107,0.060160033,0.06137692,0.08765226
Test_1440,0.029296493,0.6047697,0.061691783,0.304242
Test_1441,0.03491395,0.06902464,0.8705389,0.025522541
Test_1442,0.13997538,0.2894343,0.053170376,0.51741993
Test_1443,0.937544,0.01574393,0.030502632,0.016209453
Test_1444,0.040961348,0.096071705,0.8200825,0.042884436
Test_1445,0.07282357,0.042838726,0.01783963,0.8664981
Test_1446,0.93316966,0.01792714,0.029822618,0.019080572
Test_1447,0.019689877,0.034249175,0.01625225,0.9298086
Test_1448,0.93444365,0.018877134,0.026380938,0.020298338
Test_1449,0.028928768,0.4705162,0.43029308,0.07026189
Test_1450,0.9249603,0.023657225,0.023624953,0.027757535
Test_1451,0.04043027,0.035764553,0.01699683,0.9068084
Test_1452,0.031521704,0.032224987,0.013783592,0.92246974
Test_1453,0.07133843,0.051223326,0.85280025,0.024637971
Test_1454,0.9397022,0.015983729,0.027749052,0.016565029
Test_1455,0.12685785,0.06888871,0.02582557,0.7784279
Test_1456,0.040974475,0.075167455,0.86341286,0.020445293
Test_1457,0.036407255,0.0793279,0.8610199,0.023244992
Test_1458,0.07470979,0.32857922,0.063182615,0.53352845
Test_1459,0.033021193,0.54782665,0.34214893,0.077003196
Test_1460,0.25538212,0.17906603,0.53056085,0.03499099
Test_1461,0.039446443,0.061305873,0.87229395,0.026953632
Test_1462,0.4118032,0.3126749,0.19249575,0.083026126
Test_1463,0.044899136,0.15946361,0.766717,0.028920254
Test_1464,0.039477102,0.43299133,0.45242572,0.07510578
Test_1465,0.018462216,0.036480647,0.9223443,0.022712804
Test_1466,0.81179655,0.061309554,0.03714017,0.08975366
Test_1467,0.6545104,0.0695738,0.25261274,0.023303103
Test_1468,0.033756383,0.042350944,0.014853132,0.9090396
Test_1469,0.92083853,0.019945832,0.03198307,0.027232591
Test_1470,0.16608936,0.028582942,0.017612781,0.78771496
Test_1471,0.03543494,0.47648373,0.21565059,0.27243072
Test_1472,0.05387015,0.62352705,0.18241093,0.14019188
Test_1473,0.935114,0.017522952,0.028577512,0.018785529
Test_1474,0.018735096,0.45592624,0.45335728,0.071981415
Test_1475,0.062126525,0.4662322,0.40815467,0.06348659
Test_1476,0.02519716,0.033767994,0.014002333,0.9270325
Test_1477,0.05410208,0.03747421,0.018776694,0.889647
Test_1478,0.40672445,0.13321224,0.42393452,0.036128767
Test_1479,0.19459216,0.42281666,0.09980123,0.28278992
Test_1480,0.01935024,0.07556628,0.87121135,0.03387219
Test_1481,0.19789821,0.024040924,0.013944024,0.7641169
Test_1482,0.06699683,0.16886713,0.038998626,0.7251374
Test_1483,0.78529763,0.09800454,0.049686145,0.06701167
Test_1484,0.8985488,0.030232897,0.026635468,0.04458278
Test_1485,0.9316223,0.020527694,0.024556344,0.023293596
Test_1486,0.054452557,0.17812946,0.6961032,0.07131477
Test_1487,0.06355445,0.21783057,0.68826807,0.030346956
Test_1488,0.03279232,0.5494668,0.19764166,0.22009921
Test_1489,0.041855782,0.10870667,0.8250057,0.02443184
Test_1490,0.21148197,0.05923585,0.01996789,0.7093142
Test_1491,0.021538893,0.65474135,0.09848537,0.22523436
Test_1492,0.023983099,0.066842444,0.8705095,0.0386649
Test_1493,0.8886498,0.034056388,0.030394856,0.04689886
Test_1494,0.6753109,0.08650392,0.12781224,0.110372946
Test_1495,0.6281594,0.07541008,0.038877733,0.25755286
Test_1496,0.28091055,0.065579176,0.028199341,0.6253109
Test_1497,0.5125025,0.12592813,0.3007247,0.06084464
Test_1498,0.08021565,0.037579708,0.018662874,0.8635418
Test_1499,0.08503798,0.06957602,0.82603085,0.019355103
Test_1500,0.19906993,0.14321974,0.027712192,0.62999815
Test_1501,0.1902893,0.03225909,0.018035222,0.7594164
Test_1502,0.22068112,0.10440501,0.032886844,0.642027
Test_1503,0.89936066,0.028049683,0.030848319,0.04174138
Test_1504,0.018121224,0.17612292,0.7641943,0.0415615
Test_1505,0.021476517,0.14340173,0.802293,0.03282871
Test_1506,0.83110315,0.0825193,0.053523928,0.032853693
Test_1507,0.87151575,0.037123837,0.033712953,0.057647407
Test_1508,0.12134123,0.096079275,0.7488795,0.033699997
Test_1509,0.022240337,0.03233295,0.015751246,0.92967546
Test_1510,0.05656578,0.34626848,0.44150668,0.1556591
Test_1511,0.17106317,0.029449012,0.017107587,0.7823802
Test_1512,0.06331285,0.15424493,0.7517823,0.030659894
Test_1513,0.029703522,0.042601835,0.9049676,0.022726994
Test_1514,0.04912194,0.05921614,0.85982597,0.03183595
Test_1515,0.033095814,0.03990518,0.9057002,0.021298803
Test_1516,0.03679007,0.080731824,0.02378479,0.8586933
Test_1517,0.030037304,0.11561938,0.8230916,0.031251766
Test_1518,0.023083642,0.0634411,0.018459886,0.8950154
Test_1519,0.08918133,0.039314207,0.017794635,0.8537098
Test_1520,0.051133186,0.03971557,0.018673029,0.89047825
Test_1521,0.87081355,0.04050374,0.029646272,0.05903641
Test_1522,0.025118787,0.0976682,0.8428628,0.034350164
Test_1523,0.17535132,0.05422942,0.021823715,0.74859554
Test_1524,0.93774146,0.015237583,0.032259826,0.014761095
Test_1525,0.9222692,0.01996236,0.030860234,0.026908193
Test_1526,0.02931891,0.034289207,0.015980957,0.92041093
Test_1527,0.09243817,0.4068411,0.33861157,0.16210915
Test_1528,0.13930109,0.035669398,0.018154446,0.8068751
Test_1529,0.033005845,0.030512054,0.91494894,0.021533143
Test_1530,0.93115675,0.019912586,0.027827471,0.021103285
Test_1531,0.022111874,0.45584345,0.4740898,0.04795484
Test_1532,0.9356184,0.016766137,0.029702002,0.017913477
Test_1533,0.4232592,0.2598053,0.23708773,0.07984777
Test_1534,0.019804725,0.47259513,0.09317372,0.41442648
Test_1535,0.08142912,0.4838191,0.3967572,0.03799465
Test_1536,0.058701467,0.25060442,0.664103,0.026591152
Test_1537,0.06751342,0.02844792,0.016093757,0.8879449
Test_1538,0.0403566,0.057313778,0.8831999,0.019129723
Test_1539,0.1187106,0.37398142,0.4465875,0.06072045
Test_1540,0.0973982,0.10019479,0.027576402,0.77483064
Test_1541,0.14429703,0.033130966,0.017865378,0.8047067
Test_1542,0.15316792,0.054477207,0.024765568,0.7675893
Test_1543,0.025702149,0.048996974,0.9030694,0.022231484
Test_1544,0.19809915,0.26097867,0.036854886,0.5040673
Test_1545,0.045081817,0.033651717,0.016629238,0.9046372
Test_1546,0.9145072,0.027871778,0.033533305,0.02408775
Test_1547,0.94058293,0.014805791,0.029296163,0.01531513
Test_1548,0.09363656,0.050899982,0.020411735,0.8350517
Test_1549,0.045752026,0.04271776,0.018812617,0.89271766
Test_1550,0.12120347,0.05190773,0.020718481,0.8061703
Test_1551,0.19210462,0.032764107,0.017499287,0.757632
Test_1552,0.10484083,0.03841967,0.019339781,0.83739966
Test_1553,0.1986343,0.039146405,0.018088464,0.7441308
Test_1554,0.028235558,0.36508226,0.5524689,0.054213293
Test_1555,0.18694851,0.25115818,0.05415293,0.5077403
Test_1556,0.032546185,0.051439762,0.88864625,0.02736784
Test_1557,0.23993012,0.042983115,0.022004904,0.6950819
Test_1558,0.07261747,0.2684325,0.43564478,0.22330526
Test_1559,0.059747137,0.30548567,0.5968374,0.037929844
Test_1560,0.94201124,0.015018424,0.027984401,0.014985937
Test_1561,0.040334105,0.042475652,0.018700937,0.8984893
Test_1562,0.09115053,0.14899409,0.7275913,0.0322641
Test_1563,0.016001951,0.06164785,0.89599496,0.026355272
Test_1564,0.082501344,0.4545176,0.4064936,0.05648745
Test_1565,0.013848437,0.5411635,0.36706573,0.07792233
Test_1566,0.15187225,0.05092237,0.019996941,0.77720845
Test_1567,0.016574778,0.04595024,0.90769947,0.029775426
Test_1568,0.044693455,0.1547765,0.77336496,0.027165046
Test_1569,0.1800019,0.36222857,0.38848537,0.069284156
Test_1570,0.30303735,0.07456981,0.032091994,0.59030086
Test_1571,0.02796914,0.28866822,0.6167156,0.06664701
Test_1572,0.05145646,0.23870245,0.66817546,0.04166561
Test_1573,0.027803069,0.045603774,0.90418136,0.022411782
Test_1574,0.06864138,0.4824253,0.4059145,0.04301884
Test_1575,0.022302045,0.12680475,0.8178667,0.033026453
Test_1576,0.702611,0.11866876,0.105033256,0.07368703
Test_1577,0.018142184,0.049320802,0.9047884,0.027748648
Test_1578,0.11335119,0.26654983,0.5773473,0.04275175
Test_1579,0.73951817,0.08672897,0.080365516,0.09338738
Test_1580,0.92200696,0.02261137,0.029868716,0.025512973
Test_1581,0.15267004,0.03549213,0.019900218,0.7919376
Test_1582,0.04446546,0.20830059,0.7130298,0.0342041
Test_1583,0.03488834,0.39150262,0.539843,0.033765968
Test_1584,0.10231225,0.039890803,0.017736277,0.8400606
Test_1585,0.036938734,0.11355547,0.8060595,0.043446288
Test_1586,0.055198036,0.37173435,0.5365655,0.036502123
Test_1587,0.18757065,0.38607413,0.2751178,0.15123741
Test_1588,0.9214476,0.020812547,0.03024224,0.027497575
Test_1589,0.03628281,0.08597151,0.8443428,0.033402894
Test_1590,0.02634045,0.6315957,0.2765721,0.065491766
Test_1591,0.85371625,0.03805586,0.03473921,0.07348871
Test_1592,0.93083,0.021295281,0.0269727,0.02090199
Test_1593,0.025005061,0.033840753,0.016016454,0.9251377
Test_1594,0.33087996,0.049655326,0.02578091,0.59368384
Test_1595,0.03762364,0.41469878,0.44346905,0.10420851
Test_1596,0.8085369,0.04534914,0.124368034,0.021745924
Test_1597,0.021801766,0.05574845,0.89276344,0.029686391
Test_1598,0.042757355,0.07041907,0.022047173,0.86477643
Test_1599,0.028636837,0.07908644,0.8607815,0.031495266
Test_1600,0.9071151,0.025809383,0.033000827,0.034074754
Test_1601,0.0442798,0.0677073,0.022411974,0.86560094
Test_1602,0.91990745,0.025877943,0.03035422,0.023860324
Test_1603,0.022565413,0.033650048,0.92265224,0.021132229
Test_1604,0.056819547,0.06408323,0.8520664,0.027030881
Test_1605,0.08711375,0.058755584,0.023082633,0.831048
Test_1606,0.038356766,0.5734149,0.3359464,0.052281857
Test_1607,0.5202135,0.05949346,0.031865146,0.3884279
Test_1608,0.027268192,0.1640252,0.77559644,0.03311011
Test_1609,0.12013656,0.5715461,0.20267825,0.10563916
Test_1610,0.9384875,0.01724734,0.02630037,0.01796476
Test_1611,0.044879563,0.03747438,0.016246673,0.90139943
Test_1612,0.018175429,0.4674945,0.44730622,0.06702389
Test_1613,0.027867477,0.6230041,0.05825647,0.29087195
Test_1614,0.017557677,0.6344852,0.28565806,0.062299035
Test_1615,0.02622212,0.032925565,0.015742097,0.9251102
Test_1616,0.020981632,0.100214794,0.8516405,0.02716307
Test_1617,0.0494513,0.28928488,0.6081151,0.053148817
Test_1618,0.72276855,0.046587653,0.027524749,0.20311907
Test_1619,0.12880152,0.045678783,0.020699251,0.8048204
Test_1620,0.030813375,0.06217587,0.88534343,0.021667335
Test_1621,0.13865928,0.05993945,0.025848985,0.7755522
Test_1622,0.4234653,0.115470864,0.043063976,0.4179999
Test_1623,0.023893256,0.03207612,0.014730376,0.9293002
Test_1624,0.9003035,0.032700393,0.030407792,0.03658839
Test_1625,0.22489853,0.36848703,0.32086486,0.08574955
Test_1626,0.03778822,0.15879352,0.7802179,0.023200419
Test_1627,0.05140931,0.6331874,0.15653911,0.1588642
Test_1628,0.23441665,0.35093713,0.2705081,0.14413804
Test_1629,0.19937578,0.027445221,0.01532602,0.7578529
Test_1630,0.05162989,0.028620541,0.015645722,0.9041039
Test_1631,0.03824889,0.054034095,0.886727,0.020990055
Test_1632,0.2235013,0.32211775,0.32630014,0.12808079
Test_1633,0.04455532,0.06476307,0.86105317,0.029628411
Test_1634,0.039241675,0.59613526,0.2738122,0.09081088
Test_1635,0.021908637,0.35195643,0.5843419,0.04179302
Test_1636,0.017276194,0.5900789,0.24864781,0.14399707
Test_1637,0.08319798,0.120033585,0.77226007,0.02450842
Test_1638,0.78339493,0.04409507,0.038473263,0.13403668
Test_1639,0.026580175,0.058951963,0.02268822,0.8917796
Test_1640,0.89839256,0.02929588,0.02959321,0.042718392
Test_1641,0.14024553,0.030991888,0.017326852,0.8114357
Test_1642,0.9419645,0.014416859,0.029181886,0.014436814
Test_1643,0.12441097,0.28330418,0.55011296,0.042171896
Test_1644,0.018391255,0.34621987,0.5666889,0.06869994
Test_1645,0.024161952,0.059610553,0.88769454,0.02853294
Test_1646,0.10691128,0.113612115,0.7514065,0.028070167
Test_1647,0.15318511,0.08137903,0.7375749,0.027860966
Test_1648,0.018548964,0.3740045,0.54356605,0.06388049
Test_1649,0.024960145,0.05962819,0.88945043,0.02596117
Test_1650,0.043651056,0.50947034,0.35782236,0.08905627
Test_1651,0.377239,0.07210414,0.029992977,0.5206639
Test_1652,0.036489043,0.28975916,0.6277622,0.04598964
Test_1653,0.04237545,0.33126098,0.5465946,0.07976896
Test_1654,0.13863845,0.20480292,0.59030646,0.06625217
Test_1655,0.018976705,0.02910488,0.01350418,0.9384143
Test_1656,0.15701412,0.25731933,0.543065,0.042601503
Test_1657,0.18058237,0.2532052,0.03786544,0.528347
Test_1658,0.023452649,0.19689414,0.7389134,0.040739786
Test_1659,0.076864526,0.07036573,0.82336205,0.029407656
Test_1660,0.057078727,0.03194634,0.017438103,0.89353687
Test_1661,0.1480017,0.38559252,0.28872794,0.17767784
Test_1662,0.924348,0.022618813,0.028091338,0.024941856
Test_1663,0.031105772,0.34563044,0.55892295,0.064340785
Test_1664,0.07845865,0.035544224,0.017928317,0.8680688
Test_1665,0.11837058,0.59682137,0.13042958,0.15437847
Test_1666,0.08691721,0.4185041,0.40462932,0.08994939
Test_1667,0.91998655,0.022375707,0.032020163,0.025617603
Test_1668,0.030342642,0.028340552,0.015058902,0.9262579
Test_1669,0.016962357,0.39518425,0.5441912,0.043662257
Test_1670,0.04003858,0.044535775,0.020079603,0.89534605
Test_1671,0.046361268,0.065811016,0.8640386,0.023789208
Test_1672,0.09867804,0.15740782,0.04177124,0.7021429
Test_1673,0.110001184,0.16861519,0.04608323,0.6753004
Test_1674,0.043001913,0.10890521,0.03238357,0.8157093
Test_1675,0.9026302,0.026920045,0.028648466,0.04180126
Test_1676,0.77793324,0.10781039,0.033420607,0.080835715
Test_1677,0.05752073,0.27757767,0.09412201,0.5707796
Test_1678,0.037446957,0.08760226,0.8556026,0.019348163
Test_1679,0.031553496,0.27005345,0.06520922,0.63318384
Test_1680,0.16043842,0.04882398,0.021241805,0.7694958
Test_1681,0.060554992,0.47482616,0.106555894,0.35806295
Test_1682,0.023491012,0.41501132,0.48181814,0.07967954
Test_1683,0.20719859,0.25369978,0.36069268,0.17840889
Test_1684,0.9270314,0.022524294,0.030098403,0.02034587
Test_1685,0.89037514,0.03332897,0.030170893,0.04612498
Test_1686,0.89678067,0.031915244,0.04605778,0.025246214
Test_1687,0.029404506,0.6293839,0.15583687,0.18537465
Test_1688,0.026088614,0.037055958,0.9064226,0.030432906
Test_1689,0.90499246,0.0288342,0.02943604,0.036737304
Test_1690,0.13384251,0.030532967,0.016077045,0.8195475
Test_1691,0.02329093,0.035819285,0.016431335,0.9244584
Test_1692,0.056771763,0.081622764,0.8364642,0.025141275
Test_1693,0.051799096,0.10261121,0.030120898,0.8154688
Test_1694,0.57183254,0.21119182,0.1463767,0.070599
Test_1695,0.026126955,0.056120574,0.89182794,0.025924498
Test_1696,0.20288107,0.3005307,0.04719023,0.44939795
Test_1697,0.046965975,0.045149144,0.8769388,0.030946031
Test_1698,0.061627578,0.14186391,0.7594317,0.037076768
Test_1699,0.07949547,0.046082374,0.020022746,0.8543995
Test_1700,0.9422582,0.013938287,0.02977569,0.014027843
Test_1701,0.029853005,0.23697999,0.68348914,0.0496779
Test_1702,0.032791384,0.6089491,0.2230901,0.13516937
Test_1703,0.38076073,0.24774227,0.19217665,0.17932035
Test_1704,0.9277986,0.017992433,0.03219279,0.022016147
Test_1705,0.027896607,0.10019412,0.8462366,0.025672609
Test_1706,0.12943867,0.14856514,0.047565244,0.67443097
Test_1707,0.32948712,0.38762066,0.1859577,0.09693453
Test_1708,0.045326572,0.562148,0.16402017,0.22850525
Test_1709,0.03064639,0.4631989,0.4478135,0.058341205
Test_1710,0.045889545,0.06817342,0.8570978,0.028839275
Test_1711,0.076493286,0.45239115,0.25961268,0.21150288
Test_1712,0.03784644,0.049063753,0.8874713,0.025618529
Test_1713,0.03426911,0.077258036,0.86150485,0.026968047
Test_1714,0.037375648,0.1253699,0.02346063,0.8137938
Test_1715,0.069486864,0.031026855,0.017607734,0.88187855
Test_1716,0.93658173,0.017769983,0.025947535,0.019700676
Test_1717,0.020279016,0.028434563,0.014610839,0.93667555
Test_1718,0.94070375,0.016040709,0.026624948,0.016630623
Test_1719,0.03199381,0.061032306,0.8749584,0.032015402
Test_1720,0.06260379,0.08489584,0.8279505,0.024549946
Test_1721,0.17255881,0.056960575,0.74316514,0.027315447
Test_1722,0.043811794,0.06401689,0.86186486,0.030306429
Test_1723,0.407317,0.26986998,0.19975181,0.123061195
Test_1724,0.029780075,0.15683505,0.77561474,0.037770122
Test_1725,0.035057664,0.32383752,0.5985149,0.04258994
Test_1726,0.044055186,0.05215754,0.02011374,0.88367355
Test_1727,0.91665715,0.023042742,0.035244357,0.025055707
Test_1728,0.21631649,0.3308006,0.43010235,0.022780616
Test_1729,0.03730721,0.09446652,0.84150326,0.026723078
Test_1730,0.9261902,0.020133844,0.028454319,0.025221715
Test_1731,0.03357976,0.07226156,0.8679961,0.026162524
Test_1732,0.025172388,0.04689739,0.90023196,0.027698299
Test_1733,0.32833478,0.10698418,0.052008074,0.51267296
Test_1734,0.026545923,0.18349679,0.74963224,0.040325087
Test_1735,0.034710027,0.10061548,0.83908796,0.0255865
Test_1736,0.16943777,0.046397943,0.75926334,0.02490091
Test_1737,0.17437913,0.09841903,0.026195074,0.70100677
Test_1738,0.030857375,0.041437257,0.016900863,0.91080445
Test_1739,0.06764284,0.11210966,0.7887968,0.031450722
Test_1740,0.04446253,0.39034396,0.5233089,0.041884653
Test_1741,0.048573703,0.06871767,0.028393429,0.85431516
Test_1742,0.121722296,0.47126126,0.30940905,0.097607404
Test_1743,0.15922557,0.31612045,0.46714073,0.05751323
Test_1744,0.5373492,0.13549384,0.28242487,0.044732116
Test_1745,0.027399663,0.050590176,0.89774835,0.024261808
Test_1746,0.09519844,0.54951066,0.14864387,0.20664701
Test_1747,0.20019548,0.046637617,0.018711586,0.7344553
Test_1748,0.018593157,0.4622189,0.41280636,0.10638156
Test_1749,0.024692839,0.30914265,0.6282959,0.03786858
Test_1750,0.13584605,0.028179562,0.016792914,0.81918144
Test_1751,0.3077939,0.03961452,0.025740063,0.6268515
Test_1752,0.81508887,0.050170284,0.10364109,0.031099802
Test_1753,0.759477,0.11466674,0.08327164,0.04258462
Test_1754,0.9393662,0.015652368,0.027390266,0.017591076
Test_1755,0.016447114,0.54281646,0.36361134,0.07712509
Test_1756,0.07966045,0.43301457,0.1372284,0.35009655
Test_1757,0.09741116,0.09491991,0.031308044,0.77636087
Test_1758,0.92398834,0.020280195,0.033523288,0.022208143
Test_1759,0.12698953,0.0933526,0.026454244,0.7532037
Test_1760,0.016535487,0.53889024,0.39352608,0.051048256
Test_1761,0.9387762,0.015680572,0.029349219,0.016193956
Test_1762,0.22045234,0.040512003,0.019402405,0.7196332
Test_1763,0.030169506,0.058193333,0.8913406,0.020296598
Test_1764,0.033453535,0.08949703,0.84718466,0.029864764
Test_1765,0.7648336,0.05972327,0.037356753,0.13808638
Test_1766,0.14578831,0.4557845,0.31773683,0.08069034
Test_1767,0.056275435,0.07412852,0.8466641,0.022932034
Test_1768,0.030676698,0.04501874,0.9043889,0.019915646
Test_1769,0.8219348,0.032203596,0.034741625,0.11111994
Test_1770,0.1065835,0.06128361,0.021708746,0.81042415
Test_1771,0.052346177,0.62620926,0.18519431,0.13625023
Test_1772,0.018197717,0.3553504,0.58602333,0.040428568
Test_1773,0.07069084,0.16831405,0.06311874,0.69787633
Test_1774,0.9179605,0.021306816,0.026970306,0.0337623
Test_1775,0.15300828,0.08082614,0.70798314,0.05818246
Test_1776,0.63858557,0.06457857,0.038731106,0.2581048
Test_1777,0.03032203,0.14978378,0.78698516,0.032908957
Test_1778,0.898672,0.029092673,0.030604193,0.041631125
Test_1779,0.0801335,0.5224773,0.34204647,0.055342723
Test_1780,0.04656689,0.5347457,0.23040262,0.18828484
Test_1781,0.02273148,0.2927243,0.62840074,0.0561435
Test_1782,0.049916428,0.3008088,0.60495937,0.044315495
Test_1783,0.0810172,0.42477512,0.40315264,0.09105499
Test_1784,0.06688211,0.26425785,0.593022,0.07583807
Test_1785,0.1410176,0.04623292,0.022396764,0.7903527
Test_1786,0.87304497,0.04629304,0.042945217,0.037716758
Test_1787,0.11561998,0.03951553,0.02100356,0.82386094
Test_1788,0.91800654,0.022519413,0.029503113,0.029970884
Test_1789,0.92547846,0.020713098,0.033354014,0.020454373
Test_1790,0.89536893,0.032688893,0.036560435,0.03538174
Test_1791,0.9384242,0.016800234,0.027050134,0.017725367
Test_1792,0.099598125,0.4279324,0.33140028,0.14106923
Test_1793,0.08329027,0.07603319,0.81341344,0.0272632
Test_1794,0.019220412,0.056862433,0.8946093,0.029307932
Test_1795,0.5074279,0.23754887,0.06133309,0.19369014
Test_1796,0.021570824,0.17592604,0.7692617,0.03324143
Test_1797,0.028060883,0.46064892,0.4613505,0.04993971
Test_1798,0.9360088,0.018845266,0.025783295,0.019362621
Test_1799,0.10207315,0.06017263,0.019967627,0.8177866
Test_1800,0.900167,0.031291015,0.028673742,0.039868254
Test_1801,0.16925123,0.5796048,0.13002454,0.121119365
Test_1802,0.034371823,0.04013552,0.90369713,0.021795517
Test_1803,0.027011257,0.4441635,0.47234124,0.05648399
Test_1804,0.036522843,0.09752718,0.8408061,0.025143823
Test_1805,0.9226863,0.020965148,0.02992701,0.026421532
Test_1806,0.07042322,0.06424485,0.024266213,0.8410657
Test_1807,0.7939146,0.04291985,0.029074663,0.13409093
Test_1808,0.23694973,0.044669047,0.023931159,0.69445
Test_1809,0.93639076,0.01676459,0.029433617,0.017411001
Test_1810,0.094079256,0.6446017,0.15075509,0.11056395
Test_1811,0.409115,0.07825324,0.038918007,0.47371373
Test_1812,0.039568555,0.10124707,0.8315691,0.027615294
Test_1813,0.06253035,0.06685712,0.020946259,0.84966624
Test_1814,0.07529464,0.580183,0.27644843,0.06807386
Test_1815,0.029691327,0.049646206,0.8930869,0.027575523
Test_1816,0.021192884,0.12820949,0.8199431,0.030654624
Test_1817,0.025716668,0.055950046,0.016461933,0.9018713
Test_1818,0.08603597,0.099755354,0.7837194,0.030489285
Test_1819,0.9401088,0.016124357,0.027344013,0.016422892
Test_1820,0.14352491,0.04776723,0.019517088,0.7891907
